"User_ID","Title","Office","Region","Tenure_Yrs","Seniority","Salary","Rating","Survey_Score","Promotion","Avg_Hrs","id_department","id_currency","id_gender"
1,124,2,2,5.05,20,331317,3,62.5878816500417,1,45.2170319988111,2,3,2
2,109,2,2,11.12,20,364132,2,92.3046329779374,1,44.8226440040825,7,3,1
3,125,2,2,12.54,20,220476,4,77.5028078888798,1,37.8543462967387,4,3,1
4,117,4,3,9.36,20,993634,3,77.1248543076886,1,53.8848008271166,12,4,1
5,212,4,3,1.79,20,904524,2,82.1291988447923,1,53.0791697423046,10,4,2
6,121,4,3,12.85,20,579815,2,87.8665651091297,1,36.5740292279164,6,4,2
7,153,4,3,40.46,20,599635,3,60.7182538275813,1,42.6003222190434,7,4,2
8,110,4,3,11.3,20,467253,3,34.8397841712667,1,46.2369656442283,2,4,2
9,110,4,3,10.51,20,467777,3,94.1398068209145,1,39.4084724441589,8,4,1
10,328,4,3,16.05,20,558446,3,83.387761517794,1,48.5691953324463,11,4,2
11,113,4,3,11.5,20,339198,3,71.3545491232284,1,52.2442109978036,8,4,1
12,116,4,3,16.12,20,389872,4,94.4341919392133,1,36.1362484316637,6,4,1
13,119,4,3,19.13,20,471484,3,55.9078294000582,1,49.4438410740968,10,4,2
14,118,4,3,3.93,20,413061,3,64.8005120581978,1,36.8138486447476,9,4,1
15,123,4,3,0.33,20,479110,3,88.181496853147,1,54.5712717861065,7,4,2
16,111,4,3,0.14,20,440926,2,78.1307369411519,1,47.4414470944546,1,4,2
17,115,4,3,18.68,20,451434,2,69.4118566038175,1,33.4664085578237,10,4,1
18,114,4,3,2.84,20,347996,2,58.493354448805,1,33.0155969776625,10,4,2
19,112,4,3,17.83,20,296398,3,70.3595481921873,1,39.7916181057748,4,4,2
20,61,4,3,5.87,20,282199,3,43.7476289718701,1,41.7451208754133,6,4,2
21,112,4,3,16.39,20,267359,4,58.9008014518143,1,53.0350758539827,2,4,2
22,122,4,3,24.12,20,333428,3,74.9595689380979,1,53.7554858892813,7,4,2
23,120,4,3,16.39,20,202923,4,88.8044762823866,1,33.1226495625073,10,4,1
24,241,7,1,7.16,19,784565,3,78.0347842710359,1,46.1454449341376,6,2,1
25,240,3,3,0.97,19,471817,4,49.7842339597398,1,41.7824180638124,8,4,1
26,232,4,3,0.18,19,693097,3,48.2274998808752,1,51.1814639318844,1,4,1
27,243,4,3,1.42,19,369479,2,48.5568441865331,1,23.9239493806981,9,4,2
28,237,4,3,4.22,19,439925,3,86.4390295838482,1,43.0127456274491,5,4,1
29,242,4,3,11.62,19,394801,3,29.6011613827569,1,35.4199893509999,12,4,2
30,238,4,3,3.24,19,300114,3,68.0499938010959,1,42.3378966703074,5,4,2
31,233,4,3,1.54,19,323431,2,89.7430368107652,1,47.5156351622579,11,4,1
32,238,4,3,4.82,19,320559,3,82.324985741802,1,52.8977819717632,12,4,2
33,238,4,3,13.09,19,336437,1,63.1154188621933,1,47.9488890741051,2,4,2
34,235,4,3,18.88,19,276540,2,83.652561319416,1,37.3098838023235,4,4,1
35,236,4,3,2.44,19,286202,2,98.9196990990974,1,39.0717551747933,2,4,2
36,239,4,3,8.88,19,200007,3,90.4186057983555,1,37.0373693492917,4,4,2
37,234,4,3,4.85,19,255842,3,71.9163909009756,1,44.8977005818677,2,4,1
38,320,8,0,0.72,18,339778,3,83.1465488529965,1,35.4121855074926,7,1,1
39,324,8,0,6.1,18,321273,3,83.1108473581207,1,43.0748314223248,3,1,1
40,326,7,1,6.72,18,524334,3,72.3160590371858,1,45.9768622235462,10,2,2
41,315,2,2,4.51,18,231890,4,92.2440641851352,1,43.5419656730596,9,3,1
42,321,0,3,3.01,18,341689,3,61.4102719509243,1,40.7576060484962,12,4,1
43,315,1,3,1.86,18,370311,1,78.5953273334908,1,40.7906062681993,8,4,2
44,322,1,3,4.3,18,228368,3,91.673137494047,1,75.6375681323379,1,4,1
45,315,3,3,3.32,18,251160,3,67.3946765776461,1,42.0999833014938,7,4,2
46,320,4,3,1.13,18,373121,3,85.8864403722877,1,40.0597538922455,5,4,1
47,318,4,3,6.58,18,310660,3,77.2145683201583,1,32.7368337957811,12,4,2
48,314,4,3,2.79,18,267837,3,93.2065796265558,1,56.9750246781936,7,4,2
49,315,4,3,3.13,18,306055,3,72.2122966328007,1,48.1850609726631,10,4,1
50,316,4,3,1.73,18,383337,3,66.0868539995439,1,61.1211270050552,6,4,2
51,319,4,3,3.53,18,369171,2,31.7717108367627,1,44.5474767519561,2,4,1
52,325,4,3,2.48,18,298685,2,61.5136268587083,1,37.0777883372883,5,4,2
53,316,4,3,2.47,18,212509,3,55.5062454678513,1,48.1327211762881,5,4,2
54,323,4,3,6.64,18,203396,2,56.577198888153,1,42.9700262642171,6,4,2
55,317,4,3,1.95,18,236786,3,54.7330290743978,1,46.7596850802262,5,4,1
56,315,5,3,5.37,18,386076,4,88.5194651597357,1,53.3842994916508,7,4,1
57,320,5,3,2.04,18,340612,3,29.7488262861124,1,56.6508715689067,4,4,1
58,315,5,3,6.54,18,290437,3,69.9319874033617,1,42.5812941685616,4,4,1
59,327,5,3,11.33,18,307225,4,91.2169719886211,1,43.0310677670769,8,4,1
60,313,6,3,4.47,18,361730,2,47.4436635007411,1,56.885266826935,11,4,2
61,196,3,3,7.19,17,204947,5,78.7708469400686,1,36.4577824630449,8,4,1
62,226,8,0,5.01,16,320349,2,75.9917369302029,1,52.3649085081151,3,1,2
63,192,2,2,0.3,16,214119,4,73.1360767996104,1,45.1423307791363,5,3,1
64,195,2,2,4.7,16,152629,3,50.1871588433212,1,31.3160515693914,3,3,2
65,192,2,2,1.8,16,157145,4,85.5229678501893,1,36.6234559895201,9,3,2
66,174,2,2,0.07,16,129971,3,70.3299266263106,1,45.0541825003806,7,3,2
67,166,4,3,0.27,16,486175,3,77.0664926725232,1,52.2086349840133,1,4,2
68,166,4,3,0.27,16,456277,2,55.1546425830833,1,36.6169897536624,1,4,2
69,166,4,3,2.86,16,397987,3,56.3888222818441,1,58.4613209502817,7,4,1
70,166,4,3,2.86,16,466485,3,66.1931415520918,1,45.9490089803985,6,4,2
71,166,4,3,0.39,16,289091,4,86.3695751399204,1,59.3586590278478,8,4,2
72,166,4,3,1.13,16,274555,3,85.1912592408992,1,34.924214868008,10,4,2
73,166,4,3,0.34,16,304549,4,81.1487084507873,1,45.1010218147808,2,4,1
74,155,4,3,3.7,16,297899,4,66.2927563908647,1,72.3505469222745,4,4,2
75,198,4,3,3.23,16,350399,2,88.5334655590552,1,45.1538738988019,12,4,2
76,166,4,3,10.24,16,267197,3,84.9166307268495,1,38.343008795379,6,4,2
77,166,4,3,4.82,16,319298,3,46.001397178966,1,46.463614797043,1,4,1
78,134,4,3,9.53,16,225889,4,63.4512283271773,1,68.7848753189068,1,4,2
79,128,8,0,1.81,15,250647,2,79.7093912428389,1,51.798479779583,6,1,1
80,135,8,0,1.72,15,273847,2,94.1973746823036,1,65.5682845582121,5,1,2
81,128,8,0,2.69,15,303529,4,77.8045630706491,1,48.0316321346454,9,1,2
82,141,8,0,1.94,15,256196,2,69.8975913548437,1,60.2117401066187,5,1,2
83,128,8,0,2.71,15,174469,2,68.713306565194,1,41.897977435245,3,1,2
84,142,8,0,1.54,15,109303,4,54.8223787258555,1,56.6440276148271,3,1,2
85,128,7,1,3.26,15,742570,3,47.3524038975877,1,40.904855627361,5,2,2
86,128,7,1,7.23,15,590571,4,60.939217688444,1,38.7834759056726,10,2,1
87,132,2,2,1.3,15,273223,5,58.3449552288843,1,41.2463883822723,6,3,2
88,142,2,2,1.84,15,189181,2,75.55940796486,1,48.2608317552633,7,3,1
89,132,2,2,2.1,15,181117,4,95.3495939251161,1,50.2374275228724,2,3,1
90,128,2,2,8.82,15,186270,4,74.0453899547804,1,50.9066012340311,5,3,1
91,131,2,2,1.14,15,160048,3,79.2829227779302,1,46.5984164773144,4,3,2
92,137,2,2,0.68,15,149045,3,78.3803099932548,1,37.026314787036,2,3,1
93,143,2,2,1.12,15,136394,2,50.578716702613,1,37.4804243933926,10,3,2
94,130,2,2,10.84,15,119824,3,81.1943358308744,1,40.913574867189,10,3,1
95,137,2,2,7.64,15,130020,4,95.5789247866221,1,40.6891258436146,3,3,1
96,128,0,3,0.91,15,308104,2,62.4330211149763,1,36.5439200630618,7,4,1
97,194,0,3,0.03,15,261328,3,90.4433016258625,1,41.2195304287328,1,4,1
98,199,0,3,10.39,15,273845,4,66.4138396892661,1,42.5646467816248,4,4,1
99,128,1,3,1.27,15,277599,3,75.8328416361308,1,44.2376937113489,1,4,2
100,200,1,3,4.07,15,346035,3,84.546562178607,1,41.9907339145166,7,4,1
101,194,1,3,0.54,15,347354,3,78.3893504317959,1,38.774441048925,9,4,2
102,141,1,3,1.48,15,205464,3,74.908570941149,1,39.543119384838,5,4,2
103,143,1,3,4.2,15,198065,1,38.5448419744695,1,45.1901039243773,2,4,2
104,131,1,3,1.06,15,127349,2,65.9547136795945,1,44.8287577923581,9,4,2
105,128,3,3,0.83,15,440041,4,50.4672133383719,1,41.533858825853,6,4,2
106,128,3,3,0.7,15,440347,2,73.8996392120449,1,45.239536088281,8,4,1
107,142,3,3,0.71,15,311707,4,65.4698197631492,1,30.7816197473102,6,4,1
108,131,3,3,0.26,15,363773,3,90.7639309048804,1,30.5594414134516,3,4,1
109,142,3,3,0.79,15,209689,3,53.5385367429117,1,40.1245185562614,9,4,2
110,141,3,3,3.05,15,261769,2,73.0688898206786,1,51.0944108918628,6,4,1
111,135,3,3,2.52,15,173106,2,55.6373229305542,1,54.0362784460348,10,4,2
112,197,4,3,4.64,15,299754,3,37.1191111406367,1,29.5412457166286,2,4,2
113,194,4,3,1.86,15,359666,3,94.7767640671915,1,34.0993556132308,7,4,1
114,194,4,3,1.19,15,282763,4,62.9006182229473,1,35.853163659664,9,4,1
115,142,4,3,3.8,15,293429,5,88.3794945735808,1,39.87899346742,3,4,2
116,194,4,3,3.11,15,276461,3,50.844013061824,1,57.2505146572379,10,4,1
117,194,4,3,3.32,15,249810,3,46.4536800705877,1,59.4088490872657,2,4,2
118,194,4,3,2.41,15,307456,3,76.8520616477808,1,51.6652989887806,7,4,1
119,132,4,3,4.07,15,301570,1,77.3972127690603,1,52.8350601340305,7,4,1
120,128,4,3,3.44,15,243412,2,72.9391739658875,1,40.8139568203677,6,4,1
121,194,4,3,4.2,15,297490,3,68.5081628253534,1,55.2493594624739,10,4,2
122,133,4,3,1.94,15,268081,4,50.2065395102641,1,49.6628915496685,12,4,1
123,129,4,3,3.33,15,191294,4,91.2893955299513,1,36.1997830290668,1,4,2
124,128,4,3,3.12,15,204325,3,81.2483562598342,1,53.3328047253571,1,4,1
125,194,4,3,1.37,15,298049,3,85.4150440286461,1,27.4221030183337,12,4,1
126,139,4,3,26.55,15,220015,3,85.6567618831587,1,57.8069010426167,4,4,1
127,141,4,3,5.89,15,194037,3,19.9097941602568,1,30.6577020252797,11,4,1
128,141,4,3,7.25,15,231523,4,25.4490608234546,1,46.9765133309929,4,4,2
129,141,4,3,9.93,15,233821,4,73.8485174106792,1,34.4210119499202,7,4,2
130,128,4,3,6.27,15,232315,4,92.9645342294751,1,40.3504851622607,12,4,2
131,143,4,3,10.2,15,196452,4,88.1083396254992,1,65.7990833778606,5,4,1
132,143,4,3,2.86,15,270807,3,74.8729919369313,1,45.3758909503516,6,4,1
133,143,4,3,6.71,15,242030,3,44.6509101672856,1,51.8278675223049,3,4,1
134,194,4,3,6.31,15,254619,3,66.0019795653309,1,55.6660139724739,7,4,1
135,128,4,3,6.77,15,177215,3,72.4393622962675,1,50.4894951614579,4,4,1
136,131,4,3,0.08,15,234800,2,76.9833635978047,1,49.3388994827918,11,4,1
137,193,4,3,10.25,15,189190,4,56.6430697755082,1,36.2245332681326,12,4,2
138,128,4,3,12.31,15,219837,3,94.22961452367,1,39.2179194765606,2,4,1
139,136,4,3,7.06,15,179348,3,74.0085419933426,1,49.7846211623555,2,4,2
140,128,4,3,2.52,15,198720,2,84.5078790475244,1,61.9591302692597,10,4,2
141,138,4,3,17.24,15,165009,3,92.483479529365,1,58.1700314332837,10,4,2
142,141,5,3,5.89,15,222438,2,88.1092204222705,1,43.2963772977834,1,4,1
143,200,6,3,2.33,15,378308,3,62.0807372454195,1,65.6953815918725,1,4,1
144,128,6,3,9.3,15,240991,3,46.2744360090442,1,57.7499698746816,12,4,2
145,143,6,3,12.2,15,256278,4,70.0886801565224,1,38.1357461830706,4,4,2
146,64,8,0,4.53,14,188860,3,67.7888693093578,1,45.2532782808992,9,1,2
147,293,8,0,2.29,14,235400,1,92.0174453075063,1,49.6629642406218,10,1,2
148,293,8,0,2.84,14,198774,4,52.4344388050415,1,38.8501073647977,2,1,1
149,157,8,0,0.3,14,175221,3,79.0477630803039,1,50.067702990531,10,1,1
150,157,8,0,0.91,14,148197,3,65.6156664816309,1,53.1220568899285,8,1,2
151,157,8,0,0.62,14,129662,4,79.3260723462278,1,41.4814073795229,6,1,2
152,157,8,0,1.89,14,164922,2,82.0935663373757,1,51.4892138566539,2,1,2
153,157,8,0,0.96,14,175468,2,75.1026767432502,1,52.3677581616413,1,1,1
154,157,8,0,2.52,14,162672,3,69.3637664586406,1,45.8854283100579,8,1,1
155,157,7,1,1.02,14,540966,3,89.722429050193,1,50.6271093446492,1,2,2
156,158,2,2,1.54,14,141463,3,43.5913249476143,1,53.2672111854192,5,3,2
157,165,2,2,3.22,14,123382,2,82.2340945177192,1,53.6301425315582,8,3,1
158,169,2,2,5.68,14,124711,4,54.0371003067521,1,52.4944638234994,5,3,2
159,165,2,2,4.13,14,127093,2,51.9721252660543,1,42.5896783479849,6,3,1
160,164,2,2,1.35,14,104822,3,77.356172968606,1,46.1804354745149,8,3,1
161,164,2,2,5.3,14,103318,3,63.0200698152687,1,39.1199511253769,7,3,2
162,164,2,2,3.84,14,116240,2,85.0477176069898,1,49.6900249478054,7,3,2
163,164,2,2,1.2,14,114285,3,91.1567601110186,1,46.4701069915648,10,3,1
164,64,2,2,2.54,14,78012,4,57.3878391205837,1,42.9687207046442,8,3,2
165,64,2,2,0.41,14,80360,4,70.1461801950589,1,60.8827354961755,4,3,2
166,157,2,2,0.74,14,114112,3,67.4654457351448,1,31.9818399284446,4,3,1
167,164,2,2,4.54,14,96909,3,76.3329514186969,1,47.2525365416152,8,3,2
168,157,2,2,1.85,14,84017,2,53.1545364780524,1,32.4054787606993,7,3,2
169,157,2,2,2.09,14,105034,3,87.2042041116789,1,49.1084979946131,9,3,2
170,165,0,3,0.89,14,181889,2,95.0072045812734,1,37.9742888624577,1,4,2
171,293,0,3,7.77,14,166924,4,81.0907684380494,1,53.7348758432271,9,4,1
172,165,0,3,4.82,14,158578,3,81.1970554896987,1,37.5626874222278,9,4,1
173,164,0,3,3.19,14,143564,3,70.0453256302934,1,51.9211754514373,7,4,1
174,165,1,3,0.73,14,138976,4,57.4201360593761,1,46.2313259886327,9,4,2
175,167,1,3,4.76,14,189867,2,79.4317726502918,1,31.7241669773337,8,4,2
176,157,3,3,0.33,14,193432,2,61.3200595346111,1,53.7887605500543,7,4,1
177,157,3,3,2.42,14,152384,2,84.3462948466769,1,39.0466043071288,9,4,1
178,157,3,3,0.93,14,179897,4,34.5065577535066,1,35.1563223804399,2,4,2
179,157,4,3,0.39,14,300240,2,90.4082909413437,1,41.2968307390532,7,4,1
180,159,4,3,0.14,14,310491,2,55.5967144022286,1,45.8574111503435,2,4,2
181,157,4,3,1.03,14,190451,3,80.4296584433243,1,32.6302526958445,10,4,2
182,161,4,3,0.47,14,211739,2,95.9311611568767,1,36.3303512125451,3,4,1
183,159,4,3,0.81,14,207202,4,83.1889583373705,1,45.3000583632303,4,4,1
184,157,4,3,1.14,14,215971,3,50.5447679067241,1,44.2663974409779,6,4,2
185,294,4,3,6.71,14,188500,2,66.4293589542492,1,49.8333529438998,3,4,2
186,165,4,3,0.1,14,199652,3,54.7646656582404,1,35.7444680090657,11,4,1
187,160,4,3,9.72,14,203386,2,44.7538507152852,1,48.0430587292801,8,4,2
188,157,4,3,3.93,14,264555,3,74.2022115453531,1,61.0843677070999,11,4,1
189,293,4,3,12.32,14,186623,3,73.7380592994726,1,46.8852649079192,9,4,1
190,295,4,3,11.62,14,262308,2,50.7620498524274,1,43.5957267514227,8,4,2
191,157,4,3,3.88,14,198860,4,78.8973248842762,1,64.0181417365913,3,4,1
192,157,4,3,1.1,14,169299,4,83.7520108724261,1,60.3456832054259,10,4,2
193,157,4,3,2.04,14,198421,2,82.0917532934101,1,54.2711611712911,10,4,2
194,293,4,3,11.5,14,179305,4,77.2558984794234,1,39.85605264013,8,4,2
195,164,4,3,5.14,14,208615,2,82.9402528701633,1,51.9186291367971,5,4,1
196,164,4,3,4.43,14,166658,2,68.2807234117563,1,42.7708003057685,10,4,2
197,157,4,3,2.06,14,237427,4,97.1613118491903,1,48.578622266124,9,4,2
198,164,4,3,5.04,14,159321,2,74.1607261787093,1,33.0646374549346,5,4,2
199,157,4,3,3.28,14,234532,3,52.5650662078016,1,51.7608786123203,5,4,1
200,165,4,3,1.88,14,153283,2,83.1855321061731,1,63.2432368902035,1,4,2
201,163,4,3,0.79,14,228870,4,47.6042793701323,1,30.8260413362274,8,4,2
202,162,4,3,0.31,14,208248,4,91.7902385086317,1,30.7334028878392,8,4,1
203,157,4,3,4.93,14,197383,3,24.1708876890915,1,37.7513621309568,9,4,1
204,157,5,3,7.48,14,207195,4,38.7985117948846,1,60.8056690724269,3,4,1
205,157,5,3,0.81,14,194054,3,56.8742389412202,1,49.6036963067516,1,4,2
206,293,5,3,4.45,14,217688,2,94.9719330540859,1,52.6512774982754,2,4,2
207,157,6,3,1.3,14,242887,3,73.8631007278065,1,60.8037098413251,4,4,2
208,165,6,3,0.46,14,213071,3,68.079944573928,1,47.2874451768213,1,4,1
209,164,6,3,0.04,14,186120,3,79.563404581641,1,47.9336671265661,10,4,1
210,164,6,3,5.16,14,185254,2,76.2380779580464,1,31.2211596505276,7,4,2
211,246,8,0,0.28,13,139990,3,93.3900652544534,1,55.5276846813971,4,1,2
212,246,8,0,1.39,13,91010,2,87.9568888093017,1,51.0062477069792,8,1,1
213,246,2,2,1.69,13,86102,4,60.7382550669814,1,38.1316141709345,3,3,1
214,246,2,2,3.3,13,88993,3,78.8763105659954,1,38.4545693448475,6,3,2
215,246,2,2,2.02,13,62447,3,88.2443926683092,1,39.3386803417849,9,3,1
216,246,2,2,6.12,13,58802,3,71.6552071086355,1,46.9079296152372,7,3,2
217,154,4,3,7.3,13,231405,1,68.8294668416035,1,45.5546643045614,4,4,1
218,246,6,3,2.17,13,163192,4,78.7476753846509,1,51.2330070865938,10,4,2
219,97,8,0,1.39,12,320851,3,88.7258803599615,1,38.3099055880758,6,1,1
220,303,8,0,0.94,12,246089,2,72.6857910909545,1,53.0203304701894,2,1,1
221,140,8,0,1.1,12,196607,3,69.1766166923917,1,39.3232119269773,3,1,2
222,75,8,0,4.53,12,188202,4,90.3917009676423,1,40.0880690585577,9,1,2
223,75,8,0,7.1,12,140214,4,79.0041275903919,1,52.5284168913915,7,1,2
224,93,8,0,0.3,12,171825,4,66.7279748613958,1,58.4121953195604,8,1,1
225,140,8,0,8.86,12,199369,3,75.7051031222122,1,43.921558300033,7,1,2
226,303,8,0,2.48,12,158535,3,45.4500851773438,1,47.2222221489339,3,1,2
227,91,8,0,0.05,12,184210,2,85.3813758798672,1,47.5996786977943,3,1,2
228,140,8,0,2.48,12,111182,2,75.1329603060632,1,37.9821368319361,4,1,2
229,4,8,0,1.25,12,96631,3,46.2565538830907,1,35.4793828137229,11,1,2
230,4,8,0,0.66,12,88803,4,84.3533751374524,1,42.5403671744857,12,1,1
231,4,8,0,1.91,12,105441,4,65.1941918320483,1,51.503404531832,9,1,2
232,91,8,0,2.07,12,83602,4,72.3934946234426,1,48.1549687724172,6,1,1
233,303,7,1,1.46,12,350890,3,74.6611998745688,1,54.1756656634038,12,2,1
234,202,7,1,1.76,12,285536,2,75.9768581248396,1,40.9678803972959,9,2,2
235,308,7,1,5.53,12,205076,3,51.8272931608315,1,36.3789807091127,8,2,1
236,4,7,1,4.05,12,191429,3,72.9030522981835,1,66.2353054999426,11,2,2
237,4,7,1,1.84,12,187643,2,54.3236915683791,1,40.2272793053848,12,2,2
238,75,2,2,2.22,12,119025,5,46.5084990384367,1,66.7983444114517,8,3,1
239,75,2,2,4.72,12,115302,3,65.9156326538366,1,29.4007143610367,1,3,2
240,75,2,2,2.96,12,142492,1,76.8476880372116,1,63.1499450555979,12,3,2
241,75,2,2,2.96,12,110837,2,62.5914930956086,1,31.5283754070608,7,3,2
242,303,2,2,3.39,12,108077,3,52.359247601045,1,56.7534763113498,11,3,2
243,75,2,2,2.21,12,107243,3,61.4085116551351,1,67.3955041034245,11,3,2
244,75,2,2,2.22,12,110486,3,69.7383621727282,1,45.5471541784466,10,3,1
245,75,2,2,1.43,12,86141,2,76.6230332562055,1,46.6837429121755,4,3,2
246,303,2,2,1.54,12,90881,4,94.1392447630122,1,55.6409706953351,10,3,1
247,140,2,2,4.38,12,95719,2,60.3975217167567,1,41.768644282433,1,3,1
248,75,2,2,1.54,12,116751,4,54.8058070617852,1,39.7759313627355,7,3,1
249,106,2,2,2.42,12,107417,2,91.1118798861365,1,31.9054452725665,10,3,1
250,303,2,2,1.27,12,72941,2,85.1494367181876,1,39.794346861715,1,3,2
251,303,2,2,2.31,12,67966,4,29.9747378405059,1,40.0327908385935,6,3,1
252,127,2,2,9.68,12,94240,3,84.7615687956196,1,38.4419752662795,8,3,2
253,103,2,2,6.27,12,100255,2,76.2735447709579,1,38.6512249783834,11,3,2
254,151,2,2,4.1,12,97250,4,40.8206261521688,1,40.4684629902491,2,3,2
255,140,2,2,1.22,12,75025,2,74.8473227681605,1,47.5509148323321,10,3,1
256,140,2,2,5.16,12,64693,3,44.6362352851966,1,66.7820885236398,11,3,1
257,108,2,2,6.74,12,68977,4,72.6956691466102,1,45.3954360173083,6,3,1
258,140,2,2,7.39,12,80350,2,96.9025439541171,1,57.5386546293436,7,3,1
259,90,2,2,0.22,12,56458,3,82.5031881933133,1,23.404037763088,6,3,2
260,140,2,2,5.2,12,61585,3,68.8303626270432,1,46.9404055161303,12,3,1
261,4,2,2,1.2,12,57560,3,54.3171393396088,1,47.2508663072544,9,3,2
262,75,2,2,2.88,12,64301,3,60.1562100128417,1,54.2633809099409,11,3,2
263,4,2,2,1.39,12,61761,2,97.3878484212767,1,40.3313351640209,2,3,1
264,75,0,3,2.02,12,150979,4,73.7218875459149,1,54.7049088262447,3,4,1
265,140,0,3,1.33,12,107670,3,77.9104271595567,1,40.9347800208285,4,4,1
266,75,1,3,0.08,12,267765,4,91.4167684226938,1,51.0266459840665,8,4,1
267,75,1,3,0.74,12,182555,3,65.6227855577343,1,51.277413145161,4,4,2
268,75,1,3,4.08,12,140397,4,78.6486024058999,1,40.1932109760519,10,4,1
269,4,1,3,3.7,12,126073,4,88.9987560060849,1,39.2464582848883,1,4,2
270,140,1,3,0.85,12,122567,3,21.7114575276796,1,48.0768202438566,1,4,2
271,75,3,3,0.94,12,345867,2,63.5356394126104,1,56.9904497480598,12,4,1
272,75,3,3,1.03,12,301363,2,57.8764145345933,1,61.741082084636,5,4,2
273,75,3,3,0.68,12,298232,3,80.988621821767,1,40.2480315125232,3,4,1
274,75,3,3,0.22,12,307031,2,83.5451640970796,1,75.7728274871253,8,4,1
275,75,3,3,1.06,12,279831,2,51.5842630458873,1,35.1191029320777,10,4,1
276,75,3,3,0.07,12,197573,3,50.6562052848042,1,55.8417391183992,8,4,1
277,303,3,3,1.42,12,221235,5,67.5792236558342,1,68.6628946830557,2,4,2
278,75,3,3,0.18,12,243035,3,75.9756920806514,1,40.2314288692541,2,4,2
279,75,3,3,0.24,12,209950,4,70.4998208046221,1,45.5730914174106,10,4,2
280,303,3,3,2.82,12,176508,2,56.5851200335872,1,57.0063554830048,12,4,1
281,303,3,3,0.37,12,166006,2,59.7202599808019,1,47.7924335122004,11,4,2
282,95,3,3,4.2,12,217882,3,77.9818580419356,1,52.3442801841038,8,4,1
283,4,3,3,1.2,12,195077,2,78.6904909822731,1,41.8333744722035,12,4,1
284,94,3,3,0.08,12,202031,2,74.6448077391077,1,42.4005505196279,1,4,1
285,303,3,3,4.54,12,126685,3,84.6202535057493,1,42.900368974115,3,4,2
286,127,3,3,6.75,12,130878,4,37.5707976718217,1,48.8594492378844,4,4,1
287,75,3,3,1.46,12,116021,4,54.3607161001403,1,43.0951695183832,7,4,1
288,75,4,3,9.53,12,271100,4,54.3910141886237,1,42.7455477417815,1,4,2
289,75,4,3,0.87,12,309048,4,76.1902503544964,1,42.2129069098552,12,4,1
290,75,4,3,0.36,12,265248,2,59.4889250499119,1,62.6136563168087,12,4,2
291,75,4,3,0.33,12,198742,3,53.9759220207764,1,36.6869711932335,2,4,2
292,75,4,3,2.69,12,210745,3,79.0976242620017,1,41.9797405830177,10,4,2
293,75,4,3,2.69,12,214564,3,72.1159896778619,1,39.4074677996995,12,4,1
294,75,4,3,0.1,12,221702,2,70.3958869949145,1,29.280364821836,2,4,1
295,78,4,3,18.12,12,197504,3,44.2745098728077,1,41.8446978319264,5,4,1
296,75,4,3,1.62,12,255105,5,48.5228816231326,1,29.9220720998848,9,4,1
297,106,4,3,4.43,12,281907,2,49.9239416678497,1,42.2011358106297,1,4,1
298,75,4,3,1.83,12,284627,3,48.7257559043675,1,40.9136903024689,1,4,1
299,75,4,3,12.27,12,222458,4,89.3714744406576,1,47.8880585842912,9,4,2
300,75,4,3,1.83,12,218145,3,72.2970412372427,1,46.3708355733925,12,4,2
301,75,4,3,2.29,12,206049,4,59.6269178366832,1,35.0051240560938,2,4,1
302,75,4,3,1.05,12,193971,2,60.2972624043379,1,46.8408565114758,1,4,2
303,75,4,3,7.21,12,233078,2,69.4599710155244,1,55.6088447657658,1,4,2
304,75,4,3,0.54,12,207378,4,83.0244390881957,1,57.6234130548342,4,4,2
305,75,4,3,1.77,12,194680,3,31.4126652576685,1,35.3551635902988,9,4,2
306,75,4,3,1.77,12,273778,3,40.4416676187349,1,50.1863466108392,4,4,2
307,75,4,3,1.5,12,164041,2,69.6326082096336,1,45.7596050182378,11,4,2
308,75,4,3,8.61,12,196681,1,63.9952032388742,1,37.8354531782104,4,4,2
309,127,4,3,1.8,12,231362,3,59.1159214447339,1,67.2894280071407,6,4,1
310,140,4,3,0.81,12,220764,4,62.1708126590137,1,50.9724351202209,3,4,2
311,75,4,3,5.03,12,211356,2,58.0153694570725,1,44.9116695957611,9,4,2
312,228,4,3,12.01,12,226115,5,59.7383439907134,1,46.2836716875558,5,4,1
313,140,4,3,0.33,12,229281,2,93.2612616114076,1,39.1030880265671,8,4,1
314,75,4,3,6.62,12,174665,3,68.3464373082046,1,54.9560574060185,5,4,1
315,75,4,3,11.27,12,159413,3,70.1454113434812,1,53.6304434658974,3,4,1
316,140,4,3,3.03,12,198535,4,75.9678839770936,1,32.9620777427566,8,4,2
317,303,4,3,0.34,12,229153,3,83.0208040246971,1,28.596447314391,11,4,1
318,75,4,3,2.08,12,217553,4,53.9752169413685,1,23.5376437020003,10,4,2
319,75,4,3,2.84,12,176957,3,86.5261774015928,1,40.8906078049183,4,4,2
320,140,4,3,3.78,12,191991,3,82.0454054917261,1,47.8861557449794,12,4,2
321,140,4,3,1.27,12,226404,2,65.7653261186972,1,44.5739520011815,6,4,2
322,90,4,3,3.34,12,199019,4,82.0332912733405,1,33.0989350728785,8,4,2
323,75,4,3,2.87,12,202195,2,82.2684503546521,1,42.5899354610625,3,4,2
324,140,4,3,1.27,12,196649,3,54.6028962286745,1,54.4064905695922,4,4,1
325,308,4,3,10.01,12,221340,2,48.6719119405273,1,44.8777064038545,2,4,1
326,75,4,3,2.61,12,191747,2,78.1727319312786,1,46.772734652346,11,4,1
327,127,4,3,9.39,12,170931,3,87.0082891241437,1,41.132139956583,8,4,1
328,75,4,3,4.34,12,169551,2,74.6631804272281,1,55.7374708677257,11,4,1
329,140,4,3,1.39,12,172690,3,68.347285348552,1,43.1466688429012,7,4,2
330,219,4,3,2.77,12,187904,4,37.1518412676325,1,33.9499925446632,9,4,2
331,140,4,3,2.25,12,194867,3,83.9310340619718,1,45.831089619974,2,4,2
332,75,4,3,6.05,12,230214,3,93.4250809374323,1,65.8636013058197,12,4,1
333,4,4,3,1.96,12,154440,3,66.7524934794017,1,39.9962617755586,1,4,2
334,75,4,3,3.1,12,151821,3,51.2924440704665,1,52.424506809682,1,4,2
335,77,4,3,12.54,12,153077,3,59.454564321401,1,47.3594110410456,2,4,1
336,140,4,3,0.93,12,161895,4,79.0693222919717,1,46.2537538641605,12,4,1
337,4,4,3,3.26,12,188213,4,41.3945055023828,1,41.6642446171428,2,4,1
338,4,4,3,3.44,12,160102,2,80.6414874421472,1,55.3108011048252,12,4,2
339,75,4,3,11.26,12,166232,3,44.4513236433837,1,42.72838402975,6,4,1
340,303,4,3,0.24,12,153058,3,55.5053900738678,1,34.2965274720552,9,4,2
341,89,4,3,8.21,12,202783,4,65.9650952565258,1,49.747933272507,7,4,1
342,140,4,3,1.63,12,145222,3,94.4341465630524,1,40.0479146588136,5,4,1
343,75,4,3,11.35,12,198344,3,19.8646906575127,1,44.6438941398823,10,4,1
344,76,4,3,11.19,12,182360,2,64.3163522800791,1,63.2713873515926,6,4,2
345,105,4,3,3.51,12,193683,3,82.87577228445,1,52.0719017036642,12,4,1
346,303,4,3,3.42,12,213499,3,78.7234834644178,1,31.4652480213842,11,4,1
347,309,4,3,4.8,12,170786,3,60.6708628499306,1,36.5040233982187,6,4,2
348,96,4,3,7.3,12,180910,4,42.6410439320756,1,37.0677631447877,8,4,2
349,98,4,3,6.12,12,167207,2,75.8586597404167,1,45.8438399580564,6,4,2
350,106,4,3,5.71,12,181152,3,62.0788865111455,1,55.1657517987896,5,4,2
351,97,4,3,4.08,12,153190,3,71.6593788030525,1,44.7275171839643,1,4,1
352,176,4,3,8.94,12,184408,4,93.4655652918047,1,42.3686053102253,6,4,1
353,303,4,3,0.68,12,166600,3,89.035661927931,1,29.3687768627242,2,4,2
354,100,4,3,4.28,12,203497,3,81.413762482587,1,36.5545400821092,3,4,1
355,95,4,3,7.13,12,187311,2,65.5596436305169,1,57.5764783577494,4,4,1
356,4,4,3,1.83,12,202127,3,75.9246131835787,1,44.18630902907,2,4,1
357,140,4,3,2.88,12,187176,3,95.4872840782629,1,50.2671320649679,4,4,2
358,75,4,3,0.83,12,140556,4,89.4881142855554,1,41.273631464628,9,4,1
359,209,4,3,0.52,12,193573,2,47.2983844402395,1,37.9022660595856,2,4,1
360,140,4,3,6.51,12,161255,2,80.7405271696651,1,41.0462742678079,11,4,1
361,101,4,3,2.96,12,167918,3,64.8675004690286,1,46.6362936322023,11,4,1
362,4,4,3,0.39,12,147934,2,86.074673057782,1,49.2432588995865,12,4,2
363,219,4,3,1.19,12,122231,4,66.1966888569154,1,43.3719113121325,2,4,2
364,303,4,3,3.21,12,134330,2,94.4752016577326,1,46.8337530045205,2,4,1
365,92,4,3,4.11,12,170787,4,78.3281184993766,1,39.7584921071609,11,4,1
366,107,4,3,4.36,12,157649,3,91.7746557284503,1,43.3023267734365,6,4,1
367,99,4,3,5.74,12,152510,3,75.5148375501701,1,35.1084839424946,4,4,2
368,140,4,3,5.37,12,168766,2,86.7224774714602,1,32.8202391113566,4,4,2
369,4,4,3,5.07,12,129207,2,61.7843041749708,1,45.4710740951876,5,4,2
370,4,4,3,3.67,12,149326,3,44.3694376545052,1,38.609450037,9,4,1
371,4,4,3,0.85,12,159479,3,67.5370934438446,1,50.3707861611567,4,4,2
372,140,4,3,6.31,12,172078,2,49.2439535785959,1,50.8220738917358,4,4,1
373,140,4,3,3.44,12,168049,3,76.0131197147029,1,56.3890308857994,10,4,1
374,202,4,3,2.08,12,106752,3,62.8653328054979,1,40.4650049429741,12,4,1
375,4,4,3,2.08,12,122748,3,64.0344283832172,1,54.2913897767451,5,4,2
376,4,4,3,4.47,12,160039,4,75.1256857494161,1,32.1206780667978,6,4,2
377,140,4,3,7.36,12,112354,3,82.9983108191841,1,36.8580084334339,5,4,1
378,88,4,3,0.24,12,123403,1,68.2027943195645,1,38.1859151787593,2,4,1
379,4,4,3,3.3,12,96079,2,85.275576902741,1,50.6128987937356,12,4,1
380,201,4,3,1.29,12,105764,3,79.3607169703894,1,53.1256890752081,1,4,1
381,104,4,3,12.12,12,136392,4,87.5641365944941,1,42.3172558337138,7,4,1
382,303,4,3,1.3,12,67246,4,98.1700424403782,1,50.7078110804556,1,4,2
383,102,5,3,2.82,12,253749,3,83.9324488660769,1,49.9391146896879,5,4,1
384,75,5,3,0.64,12,191453,2,67.7847853492155,1,31.5695839999275,12,4,1
385,75,5,3,1.21,12,238680,2,74.8080386654329,1,65.9081370804735,9,4,2
386,75,5,3,4.97,12,175889,2,92.3283735686949,1,31.7068353697155,4,4,1
387,75,5,3,7.29,12,176473,2,65.4658373784788,1,44.7331374135069,11,4,1
388,303,5,3,0.91,12,214661,4,69.4818201591813,1,33.6614157160248,10,4,1
389,4,5,3,1.22,12,157627,3,49.1851748110662,1,50.209926141394,2,4,1
390,307,5,3,8.53,12,127656,3,83.435786384746,1,50.5028243594857,6,4,2
391,140,5,3,0.71,12,117863,3,84.3004577498538,1,45.4624245393801,11,4,1
392,140,5,3,0.79,12,154119,3,82.923827103642,1,33.9075515012344,4,4,1
393,75,6,3,1.46,12,216262,2,61.9113312013009,1,57.0391145027823,11,4,1
394,75,6,3,2.73,12,182185,3,78.6154331186546,1,48.9792784722505,7,4,2
395,75,6,3,5.72,12,162075,3,79.2289073676025,1,53.5524975133086,9,4,1
396,4,6,3,0.45,12,134246,1,77.7080301640393,1,50.7146630903205,6,4,2
397,140,6,3,4.31,12,168803,2,82.4894192882729,1,46.6402743281684,6,4,1
398,4,6,3,1.0,12,127239,3,64.9734860671249,1,38.7164813252376,7,4,1
399,4,6,3,0.64,12,162237,3,87.1727188028671,1,34.449086915772,3,4,1
400,31,8,0,2.08,10,186606,3,85.8591299821418,1,53.9917020710819,6,1,2
401,23,8,0,0.37,10,167951,4,72.1574871561442,1,40.74740307111,11,1,1
402,23,8,0,2.15,10,127103,3,81.1037258668064,1,45.2944948308662,3,1,2
403,23,8,0,2.15,10,128706,2,54.79909382489,1,46.6754351646073,8,1,2
404,23,8,0,0.97,10,172488,3,28.2971982826661,1,34.4551052665261,9,1,2
405,23,8,0,3.67,10,155961,3,65.6688581135828,1,61.9555502909997,7,1,2
406,36,8,0,2.86,10,104908,3,84.7906581631638,1,49.9096533428224,8,1,1
407,23,8,0,1.43,10,130245,4,54.9190927128268,1,39.1939577250583,9,1,1
408,23,8,0,1.33,10,116398,4,73.2250224612932,1,46.6536901789753,12,1,1
409,23,7,1,7.21,10,278258,2,72.1486046059576,1,48.0334592395937,3,2,1
410,52,7,1,1.12,10,175694,4,91.0095975296491,1,57.8683446571809,11,2,1
411,50,7,1,4.05,10,202586,3,92.6419653551325,1,46.8466187777482,3,2,2
412,50,7,1,3.42,10,190083,4,86.952928211565,1,43.8070125606903,9,2,2
413,23,2,2,2.37,10,91221,3,91.1047897459949,1,43.749705394277,2,3,1
414,23,2,2,5.49,10,83734,3,63.8622714777988,1,27.7894874385607,12,3,1
415,23,2,2,2.96,10,74681,3,88.882225758774,1,31.3529524068211,1,3,2
416,23,2,2,1.27,10,72259,3,83.7016297749519,1,45.7114050530745,6,3,1
417,50,2,2,1.08,10,64092,4,79.5833867938108,1,57.0491863295568,2,3,1
418,50,2,2,0.54,10,72813,3,82.6244123430702,1,50.5665987476686,11,3,2
419,24,2,2,0.39,10,65842,2,66.4435331618007,1,42.0005887201533,11,3,2
420,50,2,2,0.24,10,63423,1,35.5832592031121,1,30.018424496744,8,3,2
421,52,2,2,6.19,10,89609,2,92.4794699793065,1,39.3603406981868,12,3,2
422,50,2,2,1.77,10,75651,3,81.1463381611839,1,52.5858230932286,8,3,1
423,23,2,2,3.84,10,68144,4,88.8400408862463,1,43.2375854479028,10,3,1
424,34,2,2,3.49,10,73217,3,83.5876754266553,1,57.1106979930436,5,3,2
425,51,0,3,0.83,10,173357,3,65.2920193058973,1,53.1006747757879,4,4,1
426,23,0,3,1.96,10,112458,3,65.615029412056,1,32.2106687577592,8,4,1
427,23,0,3,7.35,10,97390,3,81.1327255506296,1,45.2578792942957,1,4,1
428,23,1,3,0.75,10,146145,3,99.4905934796321,1,41.4168222149684,9,4,1
429,52,1,3,5.93,10,125490,3,31.880936083979,1,45.2401493549046,8,4,1
430,23,1,3,0.75,10,95569,2,66.6266463499661,1,48.1183652661793,7,4,2
431,38,3,3,1.17,10,210578,3,77.843912645979,1,41.4104291453691,1,4,2
432,23,3,3,1.54,10,180193,4,41.7463555134711,1,30.5171481976786,11,4,2
433,23,3,3,1.18,10,133012,2,79.3892556233657,1,40.5765316117447,3,4,2
434,31,3,3,0.29,10,115078,3,87.4950948478431,1,34.6566057951316,7,4,1
435,23,3,3,1.67,10,180520,2,52.8052269998031,1,38.1792367461216,9,4,2
436,39,3,3,4.28,10,155299,3,77.5274816754723,1,38.6603521225464,4,4,2
437,23,4,3,2.88,10,230155,4,86.9775636450822,1,58.7043151443379,4,4,1
438,23,4,3,1.13,10,190484,1,44.4791292618188,1,62.4782217987236,10,4,1
439,23,4,3,0.83,10,199811,3,40.7701790557476,1,45.8309049783385,8,4,1
440,23,4,3,1.25,10,165031,2,66.6309304352088,1,45.1006412266749,2,4,1
441,23,4,3,6.54,10,205015,3,86.8469004477667,1,39.2314405786704,1,4,1
442,23,4,3,0.96,10,165102,3,52.6847603590056,1,52.9467355452457,4,4,1
443,25,4,3,2.28,10,143387,2,83.765258535313,1,59.4425772937475,12,4,2
444,31,4,3,3.32,10,152105,3,73.5331550861589,1,43.5782141040014,12,4,2
445,23,4,3,9.07,10,178708,3,94.2575629857721,1,40.6033387525225,12,4,2
446,23,4,3,0.73,10,135094,3,93.5748317276292,1,45.4179747609349,5,4,2
447,23,4,3,1.85,10,161518,3,43.0896215911104,1,36.1967237239691,7,4,1
448,38,4,3,3.21,10,197364,4,92.7108884603198,1,33.9436591679659,7,4,2
449,31,4,3,2.32,10,139446,3,59.715186736943,1,60.8022641781019,3,4,1
450,23,4,3,1.06,10,182431,3,86.5335906883645,1,29.7984340168022,2,4,1
451,50,4,3,0.59,10,170008,4,64.1034083102965,1,55.3478882296698,3,4,2
452,23,4,3,1.96,10,123808,3,63.373264845721,1,42.3396069251662,12,4,2
453,23,4,3,1.86,10,188697,3,67.4287817178516,1,48.7924769674909,2,4,2
454,23,4,3,6.12,10,135200,3,87.1431496119739,1,52.1754754856228,9,4,2
455,23,4,3,3.05,10,195379,2,80.3549961376856,1,41.1122552060126,7,4,1
456,23,4,3,3.05,10,191797,3,88.0378642921077,1,60.0184765123963,9,4,2
457,23,4,3,0.06,10,155126,3,89.5912962645216,1,37.0596870535192,7,4,1
458,23,4,3,1.9,10,142799,3,41.2205828340464,1,43.1348734284179,6,4,2
459,23,4,3,1.17,10,151367,4,66.659964963876,1,37.013508770574,7,4,2
460,31,4,3,0.37,10,140206,3,55.7241316148763,1,40.7115323692989,5,4,1
461,23,4,3,1.39,10,120780,3,88.4977044651141,1,49.9931008289566,6,4,2
462,23,4,3,2.2,10,130702,2,82.6466314385053,1,50.1586788308562,4,4,2
463,23,4,3,3.46,10,133032,3,75.0030716757085,1,41.6806465336563,3,4,1
464,23,4,3,1.98,10,136972,3,75.170820500551,1,31.3423091029205,4,4,2
465,50,4,3,2.13,10,140460,4,79.6116451034951,1,46.6534022081159,6,4,2
466,23,4,3,1.63,10,161479,2,68.2682831258699,1,38.455637347991,2,4,1
467,23,4,3,6.31,10,188667,2,69.2219743825299,1,53.1297645017892,5,4,2
468,35,4,3,0.31,10,133503,4,56.3329232851254,1,55.2719776986068,6,4,1
469,52,4,3,6.87,10,137778,3,88.9418474181239,1,40.9128919695538,9,4,1
470,37,4,3,3.22,10,163379,2,62.0844057493799,1,34.0059367740584,1,4,1
471,23,4,3,5.79,10,111142,4,60.2706164690383,1,66.6172787242049,6,4,2
472,23,4,3,9.7,10,137816,3,79.5965589008687,1,50.2573037217598,10,4,1
473,50,4,3,2.02,10,177355,3,72.1408286363669,1,55.483204146849,2,4,2
474,54,4,3,3.34,10,147526,3,80.3485809159313,1,33.4839288731024,9,4,1
475,39,4,3,0.27,10,130720,3,77.5858971967981,1,50.1198899514995,6,4,2
476,39,4,3,3.76,10,140524,2,77.9834802142896,1,54.7443783411931,11,4,2
477,32,4,3,2.3,10,159611,4,37.2390141433509,1,44.9277948517225,9,4,2
478,23,4,3,2.2,10,150891,2,83.8507636790012,1,56.3146243153031,2,4,1
479,53,4,3,6.41,10,138720,3,71.323710041246,1,42.5672150107239,7,4,2
480,33,4,3,5.74,10,126133,1,56.8190828109687,1,51.6239278959414,3,4,1
481,37,4,3,4.45,10,106712,4,73.5823938277028,1,53.0905164911452,6,4,2
482,50,4,3,1.13,10,144832,4,77.0121011698504,1,50.1448120200262,9,4,1
483,53,4,3,3.65,10,144720,5,63.7369524314153,1,55.4409785421463,6,4,1
484,50,4,3,4.3,10,140622,3,73.0747800582518,1,41.3823358887138,10,4,1
485,23,4,3,3.09,10,112684,3,44.3558777598264,1,43.9942087750839,12,4,2
486,50,4,3,5.83,10,127800,4,70.378826865009,1,57.4759279248064,1,4,2
487,25,5,3,1.54,10,149813,2,86.2501225625384,1,53.190005061271,11,4,1
488,23,5,3,6.1,10,214024,4,45.4882816928739,1,51.6043542659432,11,4,1
489,40,5,3,3.94,10,190656,3,78.0517973447325,1,55.988389835315,1,4,1
490,23,5,3,2.14,10,141210,3,80.89219604957,1,46.4971203247822,5,4,1
491,52,5,3,4.03,10,190423,4,88.5009853743546,1,51.6820712015115,6,4,1
492,23,5,3,7.12,10,148205,3,44.2007607733736,1,63.2377616205793,8,4,1
493,50,5,3,2.42,10,180362,5,60.3917945950911,1,37.5101513410983,2,4,2
494,51,6,3,1.4,10,143238,3,60.442942019324,1,40.1074014355042,11,4,1
495,23,6,3,0.61,10,136185,4,90.1751056555675,1,53.692190514252,9,4,1
496,23,6,3,7.44,10,182526,2,82.575813704843,1,40.5611474245504,2,4,2
497,50,6,3,1.81,10,166216,3,97.3011305637594,1,56.666158847632,9,4,1
498,23,6,3,1.51,10,127055,4,84.0972886170108,1,30.0219003491721,1,4,2
499,270,8,0,2.37,9,115076,3,93.6696858979804,1,48.2789240050748,8,1,2
500,9,8,0,0.29,9,83571,3,94.1952408122077,1,48.8239847082275,3,1,2
501,274,7,1,2.93,9,166926,3,95.7600665306333,1,35.3604146397536,3,2,2
502,270,1,3,2.48,9,187884,4,45.2213318065999,1,42.1401842898705,2,4,1
503,275,3,3,3.28,9,156874,2,44.0961451726009,1,40.6799049905542,8,4,1
504,270,3,3,2.69,9,173977,2,89.3638910924394,1,50.0715147481264,7,4,2
505,275,4,3,1.4,9,131695,4,81.3376158577626,1,32.538836737464,11,4,1
506,275,4,3,1.82,9,183890,3,43.7162519946121,1,54.2264177030447,9,4,1
507,270,4,3,1.74,9,119744,3,46.3036303458707,1,38.157115116052,8,4,1
508,276,4,3,9.59,9,75986,3,34.4035188382435,1,42.5328576742263,3,4,2
509,277,4,3,2.21,9,71896,2,32.459320893907,1,34.9052148699684,2,4,2
510,144,8,0,2.21,8,121295,3,71.644951688066,1,55.3177892568228,7,1,2
511,191,8,0,5.54,8,130119,4,30.7624617461372,1,47.7189814655827,10,1,2
512,279,8,0,1.39,8,112925,3,55.5834679329604,1,57.4262864386071,7,1,2
513,279,8,0,1.79,8,109733,3,68.5303757618707,1,37.9134539136366,7,1,1
514,279,8,0,1.27,8,137234,3,78.2063520511699,1,44.5219210539836,1,1,1
515,255,8,0,2.27,8,108353,4,61.6980839088102,1,46.3475656579163,2,1,2
516,279,8,0,0.05,8,132613,3,32.3847725797061,1,36.4749995790019,3,1,1
517,152,8,0,1.5,8,91648,3,38.1894465698926,1,38.490905633881,2,1,2
518,255,8,0,0.22,8,109547,4,65.9507423148858,1,54.6156553496782,2,1,1
519,279,8,0,2.6,8,84700,2,59.431370075263,1,49.6941538511443,8,1,2
520,279,8,0,0.49,8,93918,4,59.6547110387306,1,35.5728167605593,11,1,1
521,279,8,0,1.85,8,101279,3,63.3141936409784,1,56.848340464287,10,1,2
522,279,8,0,1.52,8,74557,3,58.7105129669983,1,46.2807864940992,11,1,1
523,225,8,0,6.33,8,69606,3,53.1909569602688,1,42.6663842228347,9,1,1
524,152,7,1,0.05,8,280804,2,73.9477961167443,1,36.610904059565,3,2,1
525,255,7,1,0.79,8,221138,3,76.0893556243457,1,52.9992540725679,11,2,1
526,310,7,1,4.86,8,158238,3,83.7127406033435,1,48.7120863446237,4,2,1
527,206,7,1,1.54,8,154245,4,84.3991719066668,1,49.6496086013287,4,2,2
528,279,7,1,0.75,8,157563,4,69.7302429646514,1,39.2069323071386,6,2,2
529,279,7,1,0.05,8,160758,4,75.7090279177134,1,40.6882251263194,4,2,2
530,144,7,1,0.2,8,140478,3,94.6472469294222,1,53.1526047338181,10,2,1
531,279,7,1,1.13,8,105405,4,75.9444973672053,1,47.3796986016312,5,2,2
532,279,7,1,2.3,8,102606,3,45.2983346881387,1,53.255937639545,12,2,1
533,57,7,1,0.05,8,101128,3,56.4569533036377,1,36.9913030739465,4,2,2
534,310,2,2,4.39,8,210375,2,53.1495310006727,1,53.2698368205737,12,3,1
535,221,2,2,0.39,8,251982,4,40.1623932299507,1,50.2477466129941,7,3,1
536,82,2,2,1.39,8,93785,3,18.4045705674873,1,41.0772530329731,7,3,2
537,144,2,2,1.85,8,71220,2,85.5925555372187,1,42.4690503351522,1,3,2
538,144,2,2,0.51,8,78456,2,45.2514460992758,1,36.2028060796147,9,3,1
539,279,2,2,0.43,8,86786,3,47.142904486202,1,64.1474329786567,12,3,1
540,225,2,2,3.51,8,81520,2,66.9393463739328,1,41.4089242152663,1,3,2
541,144,2,2,3.53,8,62094,3,71.1905706102993,1,41.116801278432,9,3,1
542,254,2,2,1.64,8,63397,3,42.8700973482315,1,51.4688260878171,7,3,1
543,255,2,2,0.72,8,55268,3,63.395700295609,1,44.8330382422893,6,3,1
544,82,2,2,4.32,8,80852,3,50.4273064151366,1,38.0804579556753,11,3,2
545,82,2,2,1.8,8,83850,4,84.5299933808322,1,47.8192762801543,5,3,1
546,281,2,2,1.66,8,59827,3,78.0064893627044,1,53.2087756516328,10,3,1
547,310,2,2,6.01,8,55318,4,66.6175459021139,1,41.8692224624342,12,3,1
548,279,2,2,2.52,8,72054,3,90.6220878564965,1,45.153504866646,9,3,1
549,279,2,2,7.12,8,66762,2,65.2492803530698,1,44.007053845615,6,3,2
550,279,2,2,3.07,8,57008,3,85.0561961531644,1,32.0751555189989,1,3,2
551,279,2,2,4.87,8,61711,3,82.52981253475,1,28.4703357002915,5,3,1
552,82,2,2,2.54,8,64207,3,43.0155995944846,1,38.7116831028558,5,3,2
553,72,2,2,1.92,8,76308,2,44.7826442607757,1,47.5022975495136,3,3,1
554,149,2,2,0.52,8,70835,4,82.0459560251517,1,28.1644692771045,2,3,2
555,279,2,2,2.42,8,55465,3,47.7930513631531,1,39.3718736273758,6,3,1
556,279,2,2,1.25,8,67650,3,40.0222540232759,1,26.4233888371183,3,3,1
557,149,2,2,5.72,8,47723,2,85.2273890273921,1,57.1864130712556,8,3,2
558,279,2,2,5.53,8,69576,3,54.5288732710923,1,55.3287236193872,1,3,2
559,279,2,2,2.35,8,64949,3,69.8079599655055,1,54.2253780967265,7,3,1
560,57,2,2,1.44,8,52741,2,79.1900029800089,1,34.18889996212,7,3,2
561,279,2,2,2.15,8,37641,4,60.1402970870602,1,38.485587831728,4,3,1
562,63,2,2,1.94,8,43212,3,46.9300717178078,1,35.4421368478288,9,3,1
563,63,2,2,2.73,8,43639,3,28.7704525417842,1,45.7429930974989,5,3,1
564,83,0,3,7.1,8,96937,3,46.5060417644968,1,78.9230956031716,10,4,2
565,185,0,3,1.48,8,127918,4,48.5652017934882,1,49.0531415769039,8,4,2
566,279,0,3,0.08,8,118410,3,59.8826300400139,1,38.7484261679174,7,4,1
567,279,0,3,0.33,8,130253,3,69.3895250730001,1,51.3203803264686,3,4,2
568,255,0,3,1.8,8,108910,3,49.2527216427479,1,40.7897982324986,5,4,1
569,185,0,3,1.53,8,100942,2,76.9878980838729,1,46.8896880070495,1,4,2
570,255,1,3,3.4,8,102133,3,72.7416773874928,1,62.7372072154693,7,4,1
571,225,1,3,0.95,8,102496,3,69.4567384311747,1,40.7698254052289,7,4,1
572,279,1,3,1.44,8,95888,2,80.4300601727347,1,24.4508501731699,10,4,2
573,185,1,3,3.63,8,104399,3,64.3816228090411,1,41.040491120295,11,4,1
574,82,1,3,4.67,8,85487,4,94.2121255054484,1,41.5687581063462,6,4,2
575,83,1,3,6.09,8,81146,3,60.1019358011201,1,43.6909606961369,12,4,1
576,185,1,3,0.75,8,125537,2,59.9419411760052,1,43.3787984750699,4,4,1
577,191,1,3,4.39,8,89964,3,73.7174887156983,1,78.0302161291971,4,4,1
578,82,3,3,1.25,8,297200,5,52.1147505721658,1,51.9714223395407,10,4,2
579,279,3,3,3.3,8,145334,4,60.0860120712423,1,60.489106068748,2,4,1
580,255,3,3,1.46,8,119502,2,90.1453068125032,1,42.5678878311659,6,4,2
581,255,3,3,0.83,8,115624,2,70.9302726438608,1,33.1935685496675,10,4,2
582,279,3,3,1.02,8,150590,2,82.0650838299439,1,58.8973017949731,12,4,1
583,279,3,3,0.04,8,130233,3,69.8326237744804,1,49.0273915648186,8,4,2
584,279,3,3,1.04,8,126030,2,84.5391651186607,1,35.4083733614997,5,4,1
585,306,3,3,0.04,8,108637,4,59.7625084444763,1,49.7747556262269,11,4,1
586,310,4,3,9.8,8,162976,3,48.268834567954,1,35.1014186194092,8,4,2
587,182,4,3,14.94,8,209878,3,69.9345806051884,1,34.1040125072106,12,4,2
588,279,4,3,11.43,8,171503,4,67.686417739316,1,34.4529484702722,1,4,1
589,7,4,3,3.8,8,122043,4,96.1935038240479,1,53.2364773392766,2,4,1
590,144,4,3,1.52,8,139731,3,63.031551237872,1,40.6323863969782,8,4,2
591,279,4,3,4.99,8,154877,4,90.8949086581645,1,57.5986354480877,10,4,2
592,279,4,3,6.44,8,126222,4,54.5797174787516,1,40.4279855257656,10,4,2
593,310,4,3,9.34,8,123020,4,61.7718752167556,1,35.9678048337588,11,4,1
594,310,4,3,6.46,8,127699,3,80.3986663994718,1,59.6136841592182,11,4,2
595,255,4,3,0.81,8,143079,3,84.9814209924354,1,65.9696326519026,9,4,2
596,310,4,3,6.06,8,114703,2,80.9014328638822,1,43.8519973843962,4,4,1
597,310,4,3,6.33,8,168482,2,81.3833061754361,1,42.1082678645621,5,4,1
598,279,4,3,2.52,8,157812,4,68.6450647683848,1,42.2676616994611,2,4,1
599,144,4,3,3.5,8,180454,4,82.3825136747071,1,70.136487169184,1,4,1
600,144,4,3,2.18,8,144290,4,82.6713187893699,1,33.8421596703391,12,4,1
601,279,4,3,1.12,8,150410,1,78.9270225354149,1,56.6509315632118,9,4,1
602,279,4,3,5.14,8,128650,2,90.1235609357488,1,62.3413393681118,6,4,2
603,310,4,3,7.12,8,162367,3,73.006364505641,1,44.2598159863538,3,4,1
604,83,4,3,2.92,8,122484,4,72.0366915063801,1,48.1920676242678,3,4,1
605,279,4,3,2.46,8,129099,2,38.5960270487652,1,48.4814627566003,2,4,1
606,279,4,3,0.75,8,137106,3,72.1449577188422,1,41.6522767517329,11,4,1
607,82,4,3,2.09,8,134132,4,72.909617072235,1,48.2182414816283,1,4,1
608,254,4,3,1.13,8,145385,3,82.5385084463642,1,40.8170119255094,12,4,1
609,144,4,3,6.34,8,127922,2,91.1444086558501,1,46.6597476230937,7,4,2
610,144,4,3,4.12,8,144731,3,55.7465211061707,1,25.6156648598251,9,4,1
611,152,4,3,2.11,8,126666,4,79.3346310390062,1,38.1100555695639,10,4,1
612,311,4,3,9.05,8,111584,2,88.3038517173815,1,39.4108832961671,4,4,2
613,82,4,3,6.89,8,151285,4,68.2041481686694,1,57.5622856211583,1,4,2
614,311,4,3,6.23,8,163598,4,57.9055723656956,1,43.6904237795175,7,4,2
615,182,4,3,7.96,8,147058,4,91.1028744449149,1,29.7560634267256,6,4,2
616,57,4,3,7.07,8,101960,2,46.9192028848728,1,48.059902229766,11,4,1
617,57,4,3,10.62,8,111696,2,90.0487611582205,1,51.5942013795826,8,4,1
618,310,4,3,6.18,8,140341,3,74.2342922138916,1,54.6383445991529,3,4,1
619,83,4,3,3.83,8,137261,2,65.358016444605,1,30.4455221072481,1,4,2
620,255,4,3,1.88,8,109338,3,51.1057843507433,1,30.9087527904088,8,4,1
621,310,4,3,5.02,8,102238,4,50.8469743041793,1,39.342570781936,1,4,1
622,279,4,3,1.71,8,131524,3,43.4074674480017,1,31.2560017346721,10,4,1
623,279,4,3,5.05,8,152770,4,77.3639194742432,1,33.1292323345811,4,4,1
624,279,4,3,4.7,8,104252,3,94.4199062004748,1,28.1238914249606,8,4,1
625,83,4,3,5.1,8,119088,4,91.8860182469772,1,28.4201657169255,5,4,1
626,80,4,3,2.11,8,150784,1,78.4498041148524,1,56.74755672312,1,4,2
627,279,4,3,2.67,8,108663,4,79.7732797919195,1,31.6365031695288,3,4,1
628,279,4,3,5.3,8,161860,2,62.8571922944144,1,40.5374840887993,11,4,1
629,255,4,3,1.52,8,114689,3,89.1725272561553,1,28.8311032964915,8,4,2
630,83,4,3,7.25,8,149746,3,84.7433571989931,1,45.0751570136534,8,4,2
631,279,4,3,1.14,8,112800,2,53.2445145045806,1,46.0914175449467,10,4,1
632,279,4,3,1.76,8,104572,3,77.9678571006463,1,45.2564032831812,2,4,2
633,191,4,3,1.5,8,115536,3,55.4433362600676,1,37.3447051882446,8,4,2
634,82,4,3,1.75,8,128364,4,66.0558661810922,1,40.4390586343518,1,4,2
635,185,4,3,0.75,8,132922,3,62.4900852726422,1,48.3539202893074,9,4,1
636,191,4,3,0.85,8,136737,1,54.1689643960994,1,46.8286543768652,9,4,1
637,191,4,3,6.12,8,135724,3,90.2704695967735,1,48.5776073135923,3,4,1
638,279,4,3,3.39,8,103564,3,85.7596190476296,1,52.2327606673124,1,4,2
639,279,4,3,2.59,8,122949,2,74.7841777094568,1,45.6241890075812,10,4,1
640,182,4,3,9.55,8,142502,4,75.6925205998271,1,43.3681849469596,7,4,1
641,185,4,3,3.74,8,149333,3,94.333439313791,1,47.0478320927451,6,4,2
642,191,4,3,0.98,8,93592,3,87.4622691856689,1,35.1360587954365,5,4,1
643,255,4,3,1.46,8,136451,3,57.5770250326992,1,46.4693542987063,8,4,2
644,82,4,3,4.85,8,141281,2,79.6233345216061,1,42.2082575900763,8,4,2
645,279,4,3,4.11,8,125514,2,84.455368064653,1,34.0405244323658,9,4,2
646,254,4,3,0.08,8,133426,2,63.6265447794166,1,38.4859459472005,8,4,2
647,63,4,3,1.02,8,86424,3,83.0802489033949,1,51.4581957985824,4,4,1
648,279,4,3,2.63,8,111425,2,66.2619051082982,1,56.8846239972958,5,4,1
649,191,4,3,2.34,8,94145,1,82.6303575235379,1,42.7686899863631,5,4,1
650,279,4,3,1.31,8,94040,2,90.7732312076829,1,37.7258297088114,4,4,2
651,214,4,3,2.19,8,87884,3,69.3171658765277,1,34.2442103285086,8,4,1
652,279,4,3,3.35,8,99637,2,68.8611732680284,1,56.5154370698132,2,4,1
653,225,4,3,5.85,8,125293,3,73.4629201556706,1,42.7856551836464,8,4,1
654,82,4,3,3.23,8,119511,3,70.7251025460192,1,61.2495488734364,5,4,1
655,7,4,3,6.0,8,120243,2,69.3269385460427,1,36.7996987299203,11,4,2
656,279,4,3,9.26,8,101631,3,72.6279770026406,1,45.5583129665535,8,4,1
657,279,4,3,3.39,8,118667,3,70.4456394870798,1,41.0340720883254,12,4,1
658,82,4,3,3.69,8,109663,2,80.0376076377049,1,63.7797410694069,6,4,1
659,190,4,3,2.15,8,124654,2,73.8507882506204,1,39.8026087710613,1,4,1
660,185,4,3,2.15,8,98651,3,82.9435825256824,1,52.0906061074933,6,4,1
661,191,4,3,1.1,8,106521,2,64.4956735410482,1,37.8580140460875,3,4,2
662,279,4,3,4.88,8,95808,3,70.3579908608199,1,48.5985846750189,1,4,2
663,279,4,3,3.18,8,103377,4,78.7638029007989,1,39.2435118851175,9,4,1
664,82,4,3,5.14,8,112532,3,65.3407248733035,1,47.050517277039,8,4,1
665,279,4,3,2.11,8,123546,3,94.1425333698346,1,32.1873438794142,2,4,2
666,185,4,3,1.67,8,85935,3,85.4124497563568,1,60.8829262707317,1,4,2
667,185,4,3,1.94,8,85699,3,94.739012144218,1,58.6383554648164,8,4,1
668,185,4,3,2.15,8,95312,4,66.5755819192059,1,61.8117196613982,2,4,1
669,191,4,3,1.83,8,88911,2,48.2087682362601,1,49.430088108731,5,4,2
670,148,4,3,5.37,8,119693,4,78.9062910765832,1,33.9141337062289,11,4,2
671,185,4,3,2.32,8,109829,3,69.2333616984949,1,29.0395321510257,1,4,1
672,187,4,3,0.22,8,119007,2,74.0974193258137,1,51.3174760622459,6,4,2
673,183,4,3,0.52,8,112174,3,69.5434969181446,1,44.4240181958215,12,4,1
674,185,4,3,3.24,8,86179,4,62.5124952152136,1,57.6699924798592,1,4,1
675,185,4,3,1.67,8,119602,2,86.158842144613,1,45.5709426513058,3,4,1
676,256,4,3,1.8,8,108712,2,84.9309805216515,1,38.2820653994086,4,4,1
677,156,4,3,5.85,8,110406,3,68.4323998562941,1,45.8229224094348,2,4,2
678,188,4,3,0.79,8,79964,2,62.8608367796828,1,50.8979222339327,8,4,1
679,187,4,3,8.55,8,103361,4,64.4880765875137,1,32.7246187784235,11,4,1
680,189,4,3,3.47,8,99565,2,83.9668695327184,1,35.8250841936869,7,4,2
681,182,5,3,13.63,8,155548,3,56.2976607804349,1,37.3331362564739,2,4,2
682,144,5,3,2.47,8,167570,4,78.5457354351402,1,59.0386457895136,12,4,1
683,310,5,3,6.52,8,156584,4,34.3187656462506,1,36.7011403591468,7,4,1
684,279,5,3,1.34,8,163264,3,65.6551491753877,1,43.4586406695681,1,4,2
685,310,5,3,3.18,8,113566,2,43.8616569001359,1,58.1199211079402,11,4,1
686,279,5,3,2.25,8,132044,1,89.1688153379234,1,48.3923415417191,8,4,2
687,82,5,3,0.45,8,108425,4,60.0123048698226,1,38.8313432723813,2,4,1
688,279,5,3,2.19,8,97357,4,93.9573400316369,1,34.1398376660386,1,4,1
689,279,5,3,1.83,8,91815,4,43.4326620521419,1,54.8951561711143,6,4,1
690,206,6,3,4.55,8,137152,3,81.7388360321338,1,62.8843915343536,5,4,2
691,279,6,3,2.05,8,128814,3,84.9321882917163,1,45.0595453423814,7,4,2
692,310,6,3,5.87,8,162262,4,69.4989200081686,1,26.003439841876,4,4,1
693,310,6,3,5.28,8,111864,3,93.5544670770607,1,42.2015832575441,3,4,1
694,82,6,3,0.52,8,152084,3,38.0456700620405,1,52.9820350145508,7,4,1
695,144,6,3,2.82,8,109839,2,44.9573951090076,1,47.9939885575471,10,4,1
696,279,6,3,3.42,8,141299,4,75.9434788087999,1,44.3661626427347,7,4,2
697,310,6,3,6.12,8,123974,3,50.8250134449475,1,62.861329172496,5,4,2
698,83,6,3,0.74,8,152033,4,83.4137888434221,1,33.3250614465874,11,4,1
699,191,6,3,1.85,8,100071,2,70.671821497175,1,47.3344324907511,9,4,1
700,279,6,3,1.3,8,104550,3,63.9831412248451,1,34.5641891374135,8,4,2
701,279,6,3,3.63,8,139634,3,68.3557605911193,1,25.4276283733912,8,4,2
702,213,8,0,0.41,7,241801,4,90.2788694653235,1,35.7205812863275,2,1,2
703,213,8,0,0.01,7,73680,3,79.9484676395516,1,51.1763192553052,6,1,2
704,213,8,0,1.44,7,72625,4,54.4624270581742,1,38.3086095123778,8,1,2
705,213,8,0,0.65,7,88984,3,63.7966265719336,1,63.2572219424375,11,1,2
706,213,8,0,1.96,7,51921,3,61.7886721211507,1,83.6036075471768,8,1,1
707,69,8,0,1.04,7,47162,3,96.8108866272755,1,53.8663716032378,3,1,1
708,271,7,1,2.8,7,254257,2,85.3195398796712,1,39.1172432264709,4,2,1
709,213,7,1,0.8,7,120388,2,83.9706409238989,1,35.3168717440811,10,2,2
710,213,7,1,2.21,7,79735,3,86.0411098581222,1,44.8957932412477,10,2,2
711,27,2,2,1.8,7,82181,5,75.8865986205721,1,43.2370201707673,7,3,1
712,27,2,2,2.22,7,61188,3,89.1799824006769,1,30.7093945290767,4,3,1
713,171,2,2,4.53,7,67130,4,84.3624558835403,1,41.2996118771975,5,3,1
714,171,2,2,0.12,7,69031,3,81.8564889812395,1,47.8760890644707,3,3,1
715,27,2,2,5.76,7,65995,3,63.4203070941066,1,48.614060089308,7,3,2
716,27,2,2,3.13,7,40969,3,80.5181073908159,1,44.4983284241029,9,3,1
717,213,2,2,1.12,7,46202,3,67.1334204640313,1,61.6735995936103,4,3,1
718,213,2,2,1.35,7,39363,3,69.6096588840119,1,34.1737165238213,8,3,2
719,213,2,2,2.33,7,51340,3,73.6119328403898,1,46.5727392362928,1,3,2
720,213,2,2,3.84,7,30449,3,64.5398714866805,1,43.8654510310896,1,3,2
721,213,2,2,3.84,7,37327,1,79.6026460901329,1,41.8904104030366,3,3,1
722,213,2,2,1.54,7,37136,3,59.1186674917997,1,44.1976372518456,2,3,2
723,69,2,2,1.29,7,26879,2,70.8566180926839,1,40.8346462749794,8,3,1
724,213,2,2,1.06,7,31654,2,52.0449765511168,1,55.457246034293,10,3,2
725,213,2,2,2.84,7,30253,2,44.9625981870735,1,61.5218893055368,9,3,2
726,204,0,3,1.04,7,97451,2,80.586559020817,1,35.879545766946,1,4,1
727,213,1,3,0.08,7,82880,4,85.6734141774195,1,45.8442393365562,6,4,1
728,213,1,3,0.3,7,88650,4,71.1007659709957,1,50.6411833588257,6,4,1
729,213,1,3,0.37,7,73991,4,61.949834330144,1,47.0021754324946,12,4,1
730,8,1,3,2.5,7,78268,3,67.6288682817988,1,34.7024782773704,12,4,2
731,8,1,3,2.41,7,104786,2,49.0777606609164,1,53.2123930149743,11,4,1
732,204,1,3,2.86,7,77768,2,62.7365947734758,1,46.5049787052901,1,4,2
733,69,3,3,2.38,7,84503,3,53.5400887747858,1,51.5293755897822,10,4,1
734,213,3,3,4.99,7,83755,4,49.7051058572932,1,39.3070659806982,7,4,1
735,8,3,3,0.48,7,81717,3,53.7856451832311,1,37.965693855355,5,4,1
736,213,3,3,1.12,7,95240,2,88.7455894183448,1,67.7890376051794,12,4,1
737,171,4,3,0.08,7,125196,2,72.7029302728941,1,46.6286783814904,7,4,2
738,272,4,3,20.27,7,142111,3,83.382873445054,1,44.7245037247551,1,4,1
739,213,4,3,1.23,7,127770,3,79.934188790595,1,41.8488482342823,11,4,2
740,213,4,3,1.09,7,97981,4,72.0458917993123,1,59.3726725813574,10,4,1
741,70,4,3,5.08,7,107532,5,68.0567236676202,1,31.86168678369,10,4,1
742,171,4,3,1.21,7,106884,2,53.8253012094566,1,62.4030555779691,3,4,1
743,213,4,3,2.34,7,113560,2,43.8816335048688,1,66.0794157565286,8,4,1
744,213,4,3,0.96,7,121746,4,56.2700517172127,1,52.5162444381316,8,4,1
745,213,4,3,1.0,7,138207,2,68.7590636722854,1,31.5151295018865,2,4,1
746,8,4,3,1.33,7,93303,2,69.2915064486844,1,43.9322159180023,4,4,2
747,213,4,3,0.96,7,118991,1,79.5770079844939,1,32.1476613697497,11,4,1
748,10,4,3,9.76,7,86790,3,91.6256047315809,1,45.0599578931524,10,4,1
749,186,4,3,4.34,7,112293,2,80.1348810904035,1,57.3023748490199,6,4,1
750,204,4,3,2.02,7,118649,4,80.5002421890727,1,49.4995809565448,2,4,2
751,213,4,3,1.19,7,96289,4,61.0344246060927,1,42.786646217749,11,4,2
752,69,4,3,1.8,7,110343,2,69.3543641315331,1,51.9125120207788,7,4,2
753,213,4,3,2.35,7,93298,3,80.9727668522401,1,40.143104157658,9,4,2
754,8,4,3,0.54,7,131017,3,79.0745032979684,1,58.833273137875,12,4,1
755,69,4,3,0.83,7,119907,2,77.8896003577699,1,33.1451514224994,10,4,1
756,8,4,3,0.19,7,91617,3,68.5109443835819,1,42.7277317194207,2,4,1
757,205,4,3,1.1,7,99149,3,71.1870000120621,1,45.8448120241521,9,4,2
758,213,4,3,3.36,7,87652,2,84.5023114349129,1,36.4371572774748,8,4,1
759,8,4,3,2.04,7,120557,3,91.5754992853914,1,40.7734797135064,4,4,1
760,10,4,3,1.34,7,122801,3,87.3266802783584,1,52.0858640403073,9,4,1
761,69,4,3,0.2,7,90552,2,48.279800129246,1,36.359761219365,2,4,2
762,8,4,3,1.28,7,103760,3,72.4108231952508,1,44.7955852139205,4,4,1
763,69,4,3,0.1,7,108849,3,21.7471886761545,1,31.1714864493472,1,4,2
764,85,4,3,10.84,7,101649,3,87.1553304552231,1,39.0735547313111,10,4,2
765,213,4,3,1.5,7,115431,2,80.6952756996805,1,36.9692189864827,12,4,2
766,68,4,3,0.85,7,83875,3,89.2650372068463,1,49.6071513763358,2,4,2
767,171,4,3,2.82,7,87221,3,77.9603904136861,1,54.9997445922816,2,4,2
768,213,4,3,2.9,7,81083,2,89.6403583342792,1,37.2741114694904,7,4,1
769,213,4,3,0.83,7,86636,3,63.7729852270269,1,53.2628781281264,12,4,1
770,213,4,3,1.44,7,96523,3,91.1460771260119,1,38.6419888830043,4,4,2
771,213,4,3,3.97,7,94100,3,87.2903768197244,1,32.9699614119195,4,4,2
772,8,4,3,1.48,7,68159,3,79.4136541941187,1,43.339960311766,5,4,1
773,213,4,3,2.89,7,103711,4,79.2438654061091,1,42.0360115976401,4,4,2
774,8,4,3,2.48,7,91006,3,48.3627014345436,1,40.7751181187206,8,4,1
775,11,4,3,1.12,7,104700,3,88.0658841021651,1,41.7811168865031,6,4,2
776,213,4,3,1.78,7,66637,3,68.6650475170707,1,48.7125685875087,7,4,2
777,8,4,3,0.96,7,102965,1,64.7665268669008,1,46.6264545714227,7,4,2
778,8,4,3,0.93,7,85853,3,40.788426181167,1,42.0248359363525,6,4,2
779,213,4,3,1.3,7,87595,3,89.7202931309855,1,39.9438503402651,10,4,1
780,213,4,3,0.9,7,81948,3,60.4313582573653,1,49.8086385694585,8,4,2
781,213,4,3,2.8,7,96749,4,67.6615062000965,1,50.1497133225671,8,4,2
782,213,4,3,2.68,7,81735,4,62.7727510945748,1,39.3517303235006,9,4,2
783,8,4,3,2.82,7,79628,4,77.1546783334276,1,54.3469383523253,11,4,2
784,213,4,3,2.9,7,90748,3,49.7989059281685,1,45.4680357507193,11,4,1
785,205,4,3,0.48,7,94887,4,79.514101968298,1,43.6337971564088,7,4,1
786,8,4,3,2.84,7,57182,3,82.2959679489576,1,35.6003678201516,9,4,2
787,171,5,3,0.91,7,123176,4,67.9357072606656,1,37.1373260842323,4,4,1
788,213,5,3,1.34,7,69094,4,56.1448563156802,1,48.4301786715695,7,4,1
789,171,6,3,1.21,7,100351,4,71.6167083677709,1,30.1003439406985,1,4,1
790,213,6,3,0.14,7,119878,2,80.8828391311844,1,52.9047330753071,2,4,2
791,213,6,3,3.09,7,143654,3,85.2646710610023,1,66.0009148840789,12,4,2
792,213,6,3,0.24,7,111318,3,59.4562268908227,1,37.5193588275637,5,4,1
793,8,6,3,0.86,7,103092,2,26.7509067042208,1,43.2923212890335,12,4,1
794,213,6,3,2.05,7,75323,4,59.7220759854401,1,36.0441685586024,2,4,2
795,8,6,3,0.29,7,74182,2,64.8371057518914,1,36.6554881859553,9,4,1
796,213,6,3,1.51,7,62389,4,78.8686459535259,1,34.9816895815874,5,4,2
797,289,8,0,0.45,6,395457,2,70.6446518685015,1,41.3847968888307,12,1,2
798,250,8,0,1.55,6,284039,3,80.6605918002965,1,44.9462335958383,8,1,1
799,264,8,0,1.6,6,111493,3,65.9381956579305,1,46.0687122038689,8,1,2
800,250,8,0,0.41,6,120369,2,62.971814160008,1,48.0661433229608,11,1,1
801,264,8,0,0.03,6,132768,3,78.1749627410447,1,42.433464574935,3,1,1
802,258,8,0,0.79,6,100824,2,85.4896052831739,1,40.641340704792,1,1,2
803,289,8,0,2.32,6,148746,3,82.5523183641686,1,40.8665530153889,6,1,1
804,282,8,0,0.31,6,111290,2,82.3367291924538,1,37.6120156676847,8,1,1
805,258,8,0,4.97,6,88055,3,85.275462013772,1,45.8376433050078,2,1,2
806,250,8,0,4.88,6,89136,4,62.3346054791195,1,68.871955459,10,1,1
807,297,8,0,1.99,6,83750,4,82.5835961687511,1,48.7189037613854,10,1,1
808,280,8,0,5.51,6,115578,2,97.1083625524327,1,57.9834373172449,6,1,1
809,258,8,0,3.05,6,108191,2,72.4057643582158,1,45.0401155775678,9,1,1
810,284,8,0,2.06,6,99534,4,86.2277726619575,1,45.3678741696272,10,1,1
811,250,8,0,3.82,6,112215,3,49.2380641129076,1,50.5335103054172,4,1,2
812,297,8,0,0.54,6,103573,3,44.3860466377665,1,47.2859079172134,3,1,2
813,287,8,0,1.4,6,83239,3,64.6547445050752,1,48.863221609501,9,1,2
814,247,8,0,0.83,6,91777,2,58.4321068041686,1,42.8030930510986,7,1,1
815,177,8,0,0.55,6,78756,2,79.7119821986536,1,53.9108666042379,12,1,2
816,177,8,0,3.94,6,58581,2,54.3473364380168,1,46.8194647803668,8,1,2
817,247,8,0,2.12,6,54927,2,74.9932128323533,1,49.7286247206072,3,1,1
818,297,8,0,0.04,6,38588,3,75.2224706454017,1,39.7424672912039,3,1,1
819,258,7,1,1.22,6,151523,2,43.8133302860983,1,42.4150329957625,2,2,1
820,288,7,1,5.85,6,135196,3,68.3067879984506,1,28.2314477615922,3,2,1
821,286,7,1,0.71,6,128311,2,60.6208520706051,1,49.2390529234512,1,2,2
822,286,7,1,0.54,6,128271,3,84.0985305257738,1,49.8534828028921,11,2,2
823,278,7,1,1.48,6,113686,2,84.9072988537727,1,45.1906856770492,1,2,2
824,264,7,1,0.28,6,83618,2,64.6403293358089,1,52.3325503372477,11,2,2
825,249,7,1,3.53,6,101016,3,74.4123557155199,1,57.7039485846436,1,2,1
826,297,7,1,2.08,6,82871,3,87.8847467660566,1,45.2786666079089,6,2,1
827,288,7,1,6.22,6,118618,3,68.8433277283268,1,46.8122839451432,8,2,1
828,297,7,1,0.2,6,77840,4,90.5511990611884,1,44.2501457267538,5,2,1
829,297,7,1,0.52,6,91599,3,43.3981446392435,1,40.8083925654818,1,2,1
830,297,7,1,0.5,6,108197,3,76.1326794155232,1,49.5511247948978,1,2,1
831,249,7,1,0.52,6,118932,4,75.6621236293044,1,45.8021576516051,11,2,2
832,43,7,1,1.27,6,64312,3,94.9753340680993,1,53.530181647111,11,2,1
833,267,7,1,4.45,6,62261,3,74.5458488684296,1,61.7689494035208,11,2,2
834,288,2,2,4.22,6,235625,4,44.0019382198712,1,59.7371147065178,10,3,1
835,288,2,2,2.54,6,193921,3,58.5792267839738,1,54.3292891628301,4,3,1
836,269,2,2,2.9,6,127423,3,40.2416245355947,1,63.4626285019124,2,3,1
837,250,2,2,1.85,6,91625,3,70.9826774620124,1,43.5783482903534,9,3,2
838,250,2,2,2.06,6,65958,2,56.5923053901915,1,47.8200540817895,10,3,2
839,258,2,2,2.06,6,73134,2,89.5548483066574,1,45.8360383718574,2,3,1
840,250,2,2,1.45,6,61301,3,55.7089727830614,1,45.6181176436868,11,3,2
841,258,2,2,1.46,6,61003,2,41.9294808230196,1,56.7535822796085,5,3,1
842,250,2,2,1.46,6,80935,4,65.3833144059061,1,63.6056344011811,5,3,1
843,286,2,2,6.71,6,70711,3,86.2428580831158,1,42.8595271258014,9,3,2
844,258,2,2,3.46,6,78168,3,50.2821473495928,1,39.1883676527522,5,3,2
845,289,2,2,0.3,6,55571,4,56.7379654151173,1,41.968243802876,1,3,1
846,291,2,2,1.16,6,62898,3,59.7154455180324,1,40.5616839766443,2,3,1
847,248,2,2,1.21,6,63084,3,59.5152535767882,1,37.19803192169,1,3,1
848,289,2,2,1.52,6,54362,5,66.9915637165843,1,70.902204123732,6,3,1
849,264,2,2,2.31,6,55859,2,50.8834124754254,1,44.8062098187141,6,3,2
850,264,2,2,3.26,6,57869,2,72.1144183392153,1,45.946945971993,9,3,2
851,264,2,2,4.47,6,46935,3,66.0336318428837,1,53.8656794897223,3,3,2
852,297,2,2,3.3,6,48727,3,86.1484888437671,1,41.4032622415636,4,3,2
853,258,2,2,4.99,6,48190,2,71.5460464295458,1,51.5957832742946,9,3,2
854,258,0,3,0.31,6,126283,3,89.4332614951159,1,37.2050630969685,10,4,2
855,250,0,3,0.31,6,124962,3,58.4115791540417,1,51.2736522275736,5,4,2
856,264,0,3,2.86,6,93235,4,79.4327852040037,1,28.6063814909521,1,4,2
857,288,0,3,5.46,6,89997,4,35.5542933425925,1,42.2217241001038,6,4,1
858,250,0,3,1.53,6,97016,4,90.1087898601118,1,43.6559524230379,1,4,1
859,248,0,3,1.37,6,84693,2,81.5682433281635,1,43.4772079157301,3,4,2
860,289,0,3,1.86,6,87249,4,82.6179204408901,1,53.0650408348055,1,4,2
861,289,0,3,2.63,6,59873,2,75.1115417399393,1,53.1929133283914,7,4,2
862,268,1,3,2.15,6,114535,2,77.3838214789552,1,33.6408645663295,11,4,1
863,261,1,3,0.31,6,122202,2,75.2975366979655,1,55.5115341461826,2,4,1
864,289,1,3,3.0,6,90882,3,70.5431044779184,1,55.4942798156328,9,4,2
865,288,1,3,0.91,6,105648,3,84.6539271875105,1,43.275944187142,10,4,1
866,258,1,3,0.36,6,73788,4,75.4322762622333,1,60.4580852015877,4,4,1
867,278,1,3,2.32,6,57613,3,85.2559052180142,1,41.7370058965244,3,4,2
868,248,1,3,2.61,6,75692,3,40.5043664978709,1,60.527485957019,7,4,2
869,250,3,3,0.25,6,161301,3,77.3580188435086,1,58.8926452002008,4,4,1
870,288,3,3,4.3,6,99984,4,81.7058254848218,1,39.5527649830891,6,4,1
871,248,3,3,1.12,6,127082,3,72.1966002012117,1,61.0616000415291,5,4,2
872,258,3,3,1.18,6,133472,3,67.1492509860561,1,41.441360148656,10,4,2
873,284,3,3,4.46,6,87934,3,75.0302032580248,1,34.7746951573377,2,4,2
874,264,3,3,2.49,6,79314,3,74.7331577284948,1,55.0056814811461,10,4,1
875,258,3,3,0.04,6,121003,4,66.3677654943341,1,48.2104320316584,10,4,1
876,252,3,3,1.1,6,73787,4,65.2704804775712,1,54.4724397764482,7,4,1
877,291,4,3,14.69,6,176848,2,44.4103832813432,1,50.6404890443204,11,4,2
878,291,4,3,2.76,6,200051,2,68.7755935887086,1,27.6374272041323,8,4,2
879,285,4,3,1.79,6,179080,1,70.5106566607326,1,31.7135173719694,7,4,1
880,268,4,3,1.32,6,132184,3,68.8121718407959,1,36.5007538489104,10,4,2
881,291,4,3,2.31,6,135705,2,79.3141419907976,1,47.9254781651115,7,4,2
882,250,4,3,0.75,6,159314,3,80.8362797471691,1,34.0114178766194,9,4,1
883,258,4,3,1.46,6,138627,3,67.455713336248,1,37.1810378758844,11,4,2
884,250,4,3,1.4,6,116705,3,80.5452918663567,1,23.9737588335784,8,4,2
885,259,4,3,7.29,6,122237,2,75.1610630464107,1,41.8617977700887,1,4,1
886,250,4,3,1.1,6,141182,2,73.8258993606507,1,46.2311871132724,10,4,1
887,264,4,3,1.63,6,111519,3,58.3676301403674,1,48.6143768482682,2,4,1
888,265,4,3,0.91,6,133747,3,65.8641191187653,1,39.1543643626774,12,4,1
889,280,4,3,6.9,6,131391,3,73.2753067847984,1,43.1825292032845,2,4,1
890,288,4,3,6.69,6,124377,3,77.7916477928271,1,45.7075638419917,2,4,1
891,264,4,3,1.65,6,124705,4,79.4718008193125,1,38.9972135983114,5,4,2
892,258,4,3,1.71,6,122649,3,74.4576531384734,1,39.8051002335468,7,4,2
893,288,4,3,1.22,6,129892,3,89.0489805151404,1,46.0478182152452,3,4,2
894,264,4,3,4.07,6,98555,2,56.4563455082008,1,39.5230959543331,3,4,1
895,258,4,3,0.92,6,106310,2,81.5473888798055,1,34.142468873909,11,4,1
896,258,4,3,1.75,6,138889,3,66.2848735790805,1,41.6145264164104,7,4,2
897,250,4,3,0.92,6,116789,2,90.8717598032487,1,40.0525399981631,3,4,2
898,288,4,3,6.11,6,139050,2,55.132030903889,1,49.9936961765567,7,4,1
899,285,4,3,2.23,6,96461,3,94.7927369271421,1,45.8946902911535,12,4,2
900,258,4,3,0.27,6,109128,3,91.7859189332957,1,42.3467691662548,6,4,1
901,288,4,3,1.02,6,92765,2,85.9662681824195,1,50.3300302610123,6,4,2
902,250,4,3,1.32,6,116356,3,82.0782165000168,1,32.4535508961957,2,4,1
903,265,4,3,2.0,6,136051,3,73.5817414941438,1,31.7811909165441,3,4,2
904,249,4,3,12.52,6,131488,3,56.4888488951387,1,49.3601309677763,4,4,2
905,285,4,3,17.33,6,127094,2,80.713570592331,1,66.1240595386719,5,4,2
906,264,4,3,3.11,6,110152,4,84.153646280132,1,42.9008979323377,3,4,1
907,264,4,3,3.12,6,122208,3,90.2476366408847,1,41.756996011467,4,4,1
908,250,4,3,1.8,6,94959,3,84.8625902318764,1,44.911370162285,10,4,1
909,258,4,3,1.06,6,116564,2,60.6033845312303,1,60.7332353032798,8,4,2
910,258,4,3,4.13,6,132925,4,91.1262020224336,1,29.4240783473722,1,4,1
911,258,4,3,2.8,6,110947,4,69.6531663658272,1,34.9776387474391,8,4,1
912,258,4,3,1.62,6,89578,4,75.2396398671563,1,46.2633227944717,1,4,2
913,258,4,3,0.71,6,106494,4,71.2133679620797,1,38.2453184865308,1,4,2
914,264,4,3,4.01,6,114822,2,88.6909420490669,1,37.0704414510104,1,4,2
915,251,4,3,1.81,6,113407,3,82.5739940391469,1,39.0357167516427,7,4,1
916,264,4,3,2.09,6,123336,3,84.1843278713968,1,34.4953787266279,5,4,2
917,264,4,3,2.06,6,101669,4,73.7460501545093,1,42.8834269581892,6,4,1
918,250,4,3,1.62,6,83613,3,33.6526442163088,1,61.3475126471789,4,4,2
919,258,4,3,0.79,6,108780,5,85.4672864681587,1,32.5874108138094,7,4,2
920,264,4,3,2.84,6,105384,3,91.55768249449,1,46.3580193864564,6,4,1
921,250,4,3,0.71,6,89657,3,65.7143267504074,1,35.2655265172037,10,4,1
922,253,4,3,0.37,6,125706,2,64.277308224226,1,40.1768106030752,3,4,2
923,280,4,3,10.55,6,126090,3,43.5709566418957,1,31.5627603126277,10,4,2
924,288,4,3,6.59,6,108485,3,65.83596159191,1,44.0048145135843,10,4,1
925,248,4,3,1.04,6,123766,3,31.066771973995,1,47.2662326314411,8,4,2
926,264,4,3,4.11,6,122145,3,86.8027561352527,1,35.7403531451944,11,4,1
927,264,4,3,2.4,6,90520,2,75.6394433496443,1,42.9248927704957,1,4,1
928,289,4,3,1.79,6,114125,2,92.1875283489088,1,50.3049853416885,3,4,1
929,264,4,3,2.63,6,85579,4,90.7155743530686,1,57.3040680401484,3,4,2
930,289,4,3,1.1,6,84812,3,81.376652269706,1,36.631128474356,8,4,2
931,258,4,3,1.27,6,115392,3,73.7648314236205,1,37.7822742170784,10,4,2
932,284,4,3,3.95,6,78576,3,66.7369889081935,1,64.586608687057,12,4,1
933,264,4,3,3.49,6,89880,4,78.5438957055235,1,32.1240325436586,8,4,2
934,296,4,3,1.27,6,89197,4,90.1459942536012,1,47.5946695813469,12,4,1
935,261,4,3,2.73,6,75912,2,77.9777813633351,1,55.0460472735312,1,4,1
936,250,4,3,2.04,6,111115,4,84.5625894361288,1,33.9055706050567,12,4,1
937,258,4,3,1.98,6,87045,2,72.5298732579906,1,47.8114526330869,4,4,2
938,261,4,3,0.88,6,85609,2,69.3994602964894,1,46.6076697184952,10,4,2
939,261,4,3,3.53,6,105266,3,47.0769723789229,1,45.2515471645566,7,4,1
940,261,4,3,3.53,6,116276,3,74.1300221816111,1,52.1888621373626,7,4,1
941,253,4,3,2.61,6,88190,3,57.2590096199581,1,36.8333326815162,12,4,1
942,247,4,3,0.73,6,97366,4,75.9270241677781,1,65.4819175850698,4,4,2
943,253,4,3,0.08,6,102193,3,70.9435932044237,1,59.7573138253883,1,4,2
944,280,4,3,3.65,6,89812,4,46.5162107521033,1,37.734849473709,12,4,2
945,283,4,3,1.0,6,71502,2,62.6507349536771,1,49.5209247809742,12,4,1
946,247,4,3,0.33,6,69486,3,56.8584565414085,1,51.9889488598347,1,4,2
947,289,4,3,4.2,6,82432,2,71.1496167740011,1,42.0026795459835,12,4,1
948,261,4,3,0.89,6,90362,3,69.3893015804814,1,30.9558317175798,10,4,2
949,253,4,3,2.36,6,104051,3,85.8614678325966,1,47.2300845173546,12,4,1
950,252,4,3,2.13,6,73213,4,51.3211835916907,1,49.3869476700187,1,4,1
951,261,4,3,2.0,6,82366,4,44.0388561341263,1,30.3019272724946,3,4,2
952,247,4,3,5.63,6,92308,3,85.2608319241753,1,20.0558648310084,3,4,1
953,248,4,3,2.67,6,75965,4,88.3959425173561,1,47.136719841913,10,4,2
954,253,4,3,1.49,6,104545,3,90.9039159131844,1,34.8716670443728,10,4,1
955,248,4,3,2.08,6,73970,3,58.3396592966502,1,39.0217531179771,4,4,1
956,252,4,3,0.6,6,83989,3,40.8469081887551,1,35.8648924379743,5,4,1
957,248,4,3,3.11,6,94728,3,72.5872326478549,1,31.7124998855998,8,4,1
958,252,4,3,5.43,6,97146,4,88.7251559964278,1,53.6007672674267,6,4,2
959,252,4,3,1.4,6,99656,3,60.4300891323596,1,46.0489429629469,6,4,2
960,261,4,3,2.36,6,97577,2,75.8888795542669,1,37.1573216235559,11,4,2
961,261,4,3,1.52,6,65094,3,74.9785232332067,0,49.1759089266661,3,4,1
962,289,4,3,2.31,6,78466,3,50.998041458272,0,57.2916464792803,3,4,2
963,261,4,3,3.91,6,78539,4,54.0786656631814,0,48.554051018071,9,4,1
964,261,4,3,3.1,6,95119,3,62.1964983499452,0,31.0554330908589,9,4,2
965,261,4,3,2.04,6,96852,2,65.3795312842003,0,31.8213845448325,11,4,1
966,248,4,3,3.18,6,90079,3,66.7265931194076,0,60.706272623729,5,4,2
967,261,4,3,3.05,6,70989,3,75.1149889449683,0,55.3123819118978,10,4,2
968,261,4,3,4.7,6,92683,3,74.7150475183159,0,34.8252827863145,4,4,1
969,258,4,3,0.73,6,72689,3,71.705353258862,0,40.9790195930505,4,4,2
970,248,4,3,3.13,6,71050,3,87.7436795795948,0,41.007847772982,9,4,1
971,248,4,3,2.08,6,92109,4,67.1663380907295,0,46.0808788526282,12,4,1
972,248,4,3,2.0,6,92649,2,88.6664312938846,0,48.7154902361014,6,4,2
973,286,5,3,5.76,6,130571,1,76.7676806207707,0,58.4657033855429,6,4,2
974,288,5,3,1.77,6,106779,4,65.9847465706077,0,42.6715383390537,6,4,2
975,250,5,3,0.96,6,122425,3,57.1619568328738,0,46.0681565906996,12,4,1
976,258,5,3,1.04,6,86434,3,66.4721237964669,0,40.1835063822576,6,4,1
977,264,5,3,1.42,6,108132,3,63.3042413490755,0,32.8292617559238,9,4,2
978,288,6,3,1.91,6,171050,4,68.7050942087712,0,45.5966768451767,7,4,1
979,289,6,3,0.47,6,109257,2,78.6195178475698,0,29.0648204443457,8,4,2
980,258,6,3,1.44,6,124458,5,42.5810734270137,0,65.951766654589,7,4,2
981,250,6,3,1.88,6,115415,2,82.897404835635,0,48.5468494597939,5,4,1
982,177,6,3,1.94,6,97818,3,93.6295682466431,0,48.4319212727974,7,4,2
983,285,6,3,3.84,6,121727,3,54.4665447748302,0,43.5179276506605,4,4,1
984,285,6,3,1.46,6,100624,3,68.82806887895,0,47.1116105769094,11,4,1
985,288,6,3,1.92,6,114675,3,60.7709996378058,0,45.2006235855108,6,4,2
986,250,6,3,2.05,6,120880,2,59.6413729031919,0,38.5062359848298,11,4,2
987,285,6,3,4.88,6,121652,3,75.8682574771834,0,38.4859227325934,8,4,2
988,280,6,3,1.53,6,102552,4,45.9744143410309,0,68.5053810698269,7,4,2
989,285,6,3,5.07,6,128641,2,64.8826233636336,0,61.2132907800889,8,4,2
990,280,6,3,1.96,6,92421,3,77.218383488142,0,37.102849095285,4,4,1
991,258,6,3,3.28,6,82980,3,85.3804863524351,0,66.0382470465066,7,4,1
992,267,6,3,0.11,6,77424,3,72.8097888279075,0,29.2323818486081,4,4,1
993,261,6,3,2.9,6,109536,2,56.2102426583387,0,49.8850156263763,12,4,1
994,73,8,0,1.55,5,226881,3,94.5852700949582,0,43.549973244779,4,1,1
995,84,8,0,1.18,5,172362,4,90.7575284278196,0,50.3058876738276,2,1,2
996,145,8,0,0.05,5,133722,4,33.5615677918593,0,40.2044293341789,12,1,1
997,299,8,0,0.3,5,104134,4,76.8266324845877,0,49.3051612167212,6,1,2
998,302,8,0,1.35,5,94799,3,67.0500639182637,0,41.9688230500304,1,1,2
999,330,8,0,0.05,5,101999,3,70.0454556543286,0,41.5307930699224,8,1,1
1000,330,8,0,1.37,5,93111,3,77.5366807431565,0,45.552243200122,5,1,1
1001,73,8,0,2.75,5,68815,3,87.6265682479597,0,32.9535770989859,10,1,2
1002,145,8,0,1.6,5,84051,3,9.15601313692205,0,50.2852581737147,12,1,1
1003,170,8,0,0.14,5,71644,2,90.5527764975694,0,51.2600292425519,2,1,1
1004,16,8,0,0.45,5,72895,2,63.8273863561773,0,65.6809362658842,8,1,2
1005,16,8,0,1.46,5,90734,4,70.0914098105742,0,59.9244349775169,12,1,2
1006,302,8,0,1.46,5,72395,4,58.7478387442733,0,64.1145218607255,11,1,1
1007,73,8,0,0.23,5,61668,2,50.5118815526482,0,39.425487144706,4,1,2
1008,16,8,0,1.3,5,65925,4,73.390843160863,0,38.10270740147,5,1,1
1009,330,8,0,1.54,5,61910,3,46.9427829196036,0,74.4698417158242,4,1,2
1010,207,8,0,1.22,5,49184,2,62.5211597435544,0,43.503617742866,7,1,2
1011,330,8,0,1.39,5,57726,4,49.9113770687403,0,44.3939228163297,2,1,2
1012,330,8,0,1.39,5,37240,3,70.6203104043022,0,38.0489045346827,7,1,2
1013,207,8,0,0.79,5,51852,3,63.6662178616104,0,58.8333970446543,4,1,1
1014,16,7,1,6.45,5,190459,4,88.3214795809452,0,30.264669952368,5,2,1
1015,6,7,1,1.14,5,133766,3,66.7025872540969,0,36.7544115285838,8,2,1
1016,6,7,1,2.29,5,166788,2,77.2104909369336,0,52.7042252947927,6,2,2
1017,16,7,1,0.54,5,136609,4,60.392566326724,0,45.994226789519,10,2,2
1018,16,7,1,4.97,5,132379,3,95.7023160688919,0,52.946292385788,10,2,1
1019,14,7,1,2.14,5,89087,3,79.307268471071,0,42.0484155123797,1,2,2
1020,145,7,1,3.88,5,102745,4,54.2093442571691,0,51.0533789481441,4,2,2
1021,73,7,1,5.26,5,89076,4,89.3463119953216,0,37.6250466265943,6,2,2
1022,73,7,1,0.37,5,86275,3,80.349491910593,0,42.6318680851884,5,2,1
1023,300,7,1,0.17,5,68894,2,66.9306386824711,0,40.542475479168,2,2,2
1024,207,7,1,6.79,5,102641,4,67.6615000925432,0,46.6876337287032,7,2,2
1025,145,7,1,2.54,5,64009,4,42.0230335159688,0,65.1264470896198,11,2,1
1026,203,7,1,0.2,5,104559,4,87.1686413436653,0,38.6508479203393,9,2,1
1027,302,7,1,1.41,5,54244,3,45.8648567067505,0,53.3755853765228,2,2,2
1028,330,7,1,0.26,5,60337,2,92.8074075693313,0,43.3127773078223,7,2,2
1029,220,7,1,0.3,5,74079,4,65.2565041931122,0,34.1097959935937,1,2,2
1030,302,7,1,1.04,5,81926,3,50.5652862200013,0,56.9530241071438,11,2,2
1031,73,7,1,0.27,5,54448,3,72.7198523377757,0,50.5338270611712,8,2,2
1032,73,7,1,1.12,5,36523,2,63.7679102636769,0,49.8410714813603,7,2,2
1033,73,7,1,1.05,5,37022,2,86.8109617443081,0,68.8570563334729,7,2,2
1034,14,7,1,1.19,5,32699,3,72.4975600989589,0,34.3195937146152,3,2,2
1035,203,7,1,2.33,5,44016,3,71.9163813898028,0,39.6999068917325,2,2,1
1036,330,7,1,2.08,5,27425,4,78.9279209042505,0,47.4666304345519,1,2,2
1037,330,7,1,1.52,5,27384,3,64.9569555706248,0,52.6668885808484,11,2,2
1038,300,2,2,4.39,5,121510,3,62.4122935794821,0,29.3533883371317,11,3,1
1039,220,2,2,2.46,5,94292,2,72.4003731110429,0,32.937407166818,11,3,1
1040,73,2,2,1.27,5,52169,3,64.6097078183899,0,30.9473484933986,9,3,1
1041,16,2,2,1.27,5,52991,3,94.5167953215995,0,37.7142540763213,10,3,2
1042,145,2,2,1.33,5,56957,3,49.1814192859132,0,54.9909654783003,4,3,1
1043,231,2,2,1.23,5,43140,3,92.6538906976472,0,55.3473573605202,12,3,1
1044,290,2,2,1.71,5,50515,3,95.2020545856349,0,46.4582995241432,10,3,1
1045,290,2,2,1.94,5,51105,3,90.0579389050981,0,47.7929334663742,12,3,1
1046,207,2,2,0.13,5,35549,4,70.2560936146806,0,51.8466714400286,10,3,2
1047,330,2,2,1.05,5,42124,3,66.5263312840595,0,57.7850904476722,6,3,1
1048,330,2,2,1.71,5,47585,4,81.9030346494844,0,33.5332986323131,12,3,2
1049,67,2,2,0.2,5,46346,2,61.1848716514182,0,36.999714796836,2,3,2
1050,330,2,2,0.39,5,44221,4,63.8224287522514,0,24.521307106593,2,3,1
1051,73,2,2,3.22,5,42011,4,48.7512380407813,0,47.2402478271319,9,3,1
1052,16,2,2,3.22,5,43176,4,68.3811026193691,0,60.1908700303565,6,3,2
1053,330,2,2,2.08,5,29942,3,67.2416768693372,0,65.3438044163541,5,3,2
1054,73,2,2,2.54,5,31774,5,53.5217358887935,0,36.2168850313748,9,3,1
1055,73,2,2,0.8,5,36234,4,46.6955459420074,0,43.4170585963067,7,3,1
1056,16,2,2,2.54,5,38742,2,61.8557677985255,0,47.2109421169561,2,3,2
1057,6,2,2,1.27,5,34946,4,94.2321155118608,0,34.4871724082771,9,3,2
1058,330,2,2,2.5,5,40207,3,51.6956512284211,0,30.8425380177027,7,3,1
1059,329,2,2,2.23,5,26294,4,79.7432839325648,0,69.6008043906312,11,3,1
1060,84,2,2,1.69,5,30325,2,87.0832691917776,0,40.7187925758026,9,3,2
1061,6,2,2,2.0,5,35425,2,81.1656231393585,0,47.0334158414603,1,3,2
1062,6,2,2,1.98,5,38669,3,37.9991643548123,0,34.5612503029874,4,3,1
1063,217,2,2,1.64,5,29677,3,82.2250604038575,0,29.8699969240283,2,3,2
1064,145,2,2,1.98,5,35408,3,70.3909391785329,0,28.6334915821125,11,3,1
1065,145,2,2,1.98,5,28721,4,62.2426066488968,0,33.0216509605278,10,3,2
1066,262,2,2,2.71,5,31983,3,85.3210977282779,0,50.5116087328787,4,3,1
1067,302,0,3,1.39,5,67000,3,71.0534181687184,0,30.2671466206701,6,4,1
1068,302,0,3,1.53,5,67654,3,84.9669099951269,0,58.4504027892895,8,4,2
1069,207,0,3,0.07,5,62592,3,70.6962111845792,0,54.4466325705334,12,4,1
1070,73,1,3,1.13,5,72260,2,92.8722024172762,0,59.3397907444438,4,4,2
1071,16,1,3,0.47,5,106732,3,63.1787646604804,0,25.2582306107827,7,4,1
1072,145,1,3,2.14,5,77951,3,63.2384349652608,0,33.2907373595362,1,4,1
1073,73,1,3,1.33,5,86939,3,48.604083858068,0,56.4025663193587,5,4,2
1074,203,1,3,2.14,5,67719,2,70.0894652878148,0,52.0343101498296,7,4,1
1075,14,1,3,1.06,5,50766,4,74.865394794486,0,29.8535566198276,10,4,2
1076,302,3,3,0.16,5,79413,2,71.6761153303417,0,49.7025399627138,12,4,1
1077,292,3,3,5.03,5,76074,2,65.4667348639234,0,38.1804352247109,8,4,2
1078,84,3,3,0.33,5,98074,3,62.9956171322021,0,50.650767371405,1,4,1
1079,207,3,3,2.01,5,62108,3,64.1452608695569,0,46.9710782163574,2,4,2
1080,6,3,3,1.89,5,53317,3,82.7255580600263,0,45.6221961528948,3,4,2
1081,84,3,3,2.33,5,41693,2,70.5871666341509,0,41.0982857147129,5,4,1
1082,207,4,3,0.91,5,152413,4,63.1839306310276,0,50.4231718894747,6,4,1
1083,0,4,3,1.05,5,161739,5,87.2213276926951,0,48.9172464682728,7,4,2
1084,81,4,3,1.73,5,154086,4,93.6828709939771,0,32.1201276835037,7,4,1
1085,260,4,3,1.92,5,102685,4,80.739443146515,0,34.3150998956617,9,4,1
1086,145,4,3,2.15,5,90364,3,83.9244962521621,0,37.9325374957561,12,4,2
1087,16,4,3,1.42,5,148142,3,73.9765880867557,0,62.0765257530803,3,4,1
1088,290,4,3,7.5,5,105188,2,67.8463203589795,0,43.6571473292881,8,4,1
1089,168,4,3,3.47,5,100729,4,87.0172297980184,0,29.6684691689915,1,4,2
1090,0,4,3,3.33,5,104310,3,80.9893156803722,0,44.265239003908,3,4,1
1091,16,4,3,0.94,5,102002,3,45.0094516324368,0,28.7664313124567,4,4,1
1092,305,4,3,1.52,5,131069,3,69.0019536681109,0,44.0170013678874,10,4,2
1093,16,4,3,1.31,5,114103,3,79.6614268250275,0,53.1155395160279,7,4,1
1094,1,4,3,9.55,5,115886,4,84.4129606542173,0,40.183910358049,12,4,2
1095,329,4,3,1.8,5,82290,2,79.6306562826929,0,39.3165747777014,11,4,1
1096,16,4,3,3.46,5,89833,3,33.7979896012876,0,38.7284859516575,11,4,2
1097,145,4,3,0.98,5,79898,2,53.8934863277333,0,47.1396522862068,5,4,2
1098,168,4,3,1.13,5,104100,3,88.581127559773,0,26.6891452837704,6,4,1
1099,222,4,3,2.19,5,102244,5,49.5237775075359,0,44.1812780492963,12,4,1
1100,300,4,3,3.11,5,94638,3,43.4126315248274,0,55.7192112264121,4,4,1
1101,145,4,3,1.17,5,71406,4,78.5158890833225,0,37.1496159987181,7,4,1
1102,298,4,3,2.26,5,74996,4,65.1790902413798,0,47.6250792089929,3,4,2
1103,222,4,3,0.3,5,87316,3,93.2784352162821,0,40.0043761091425,7,4,1
1104,73,4,3,2.09,5,101379,3,72.6658129998549,0,53.4095015861926,9,4,2
1105,73,4,3,2.86,5,89873,2,52.1024504466439,0,39.3352559846464,1,4,1
1106,16,4,3,2.86,5,85047,3,91.2040869517019,0,46.7098117773552,10,4,1
1107,145,4,3,3.36,5,91576,3,88.8671155899013,0,44.525319120482,10,4,2
1108,298,4,3,0.94,5,65957,3,78.1321666113674,0,50.0034147022295,11,4,2
1109,59,4,3,2.21,5,80474,4,76.5081248077072,0,38.7517372116867,12,4,2
1110,263,4,3,0.3,5,99304,4,62.3527751073081,0,43.2480537569238,3,4,1
1111,84,4,3,0.92,5,72775,3,93.4382761073042,0,33.3867919815037,9,4,2
1112,79,4,3,0.91,5,97683,3,56.6009838827257,0,37.9284825083935,6,4,1
1113,84,4,3,2.27,5,99996,3,59.5821052816303,0,37.350021917074,11,4,2
1114,329,4,3,9.84,5,79735,3,82.5662115137168,0,34.1406734640881,7,4,2
1115,15,4,3,5.35,5,93642,2,96.2497654758596,0,39.6610658301195,3,4,2
1116,16,4,3,2.91,5,75951,2,88.3159674371446,0,48.4102756391224,12,4,2
1117,16,4,3,3.11,5,60162,4,60.3249065993678,0,42.828791279569,5,4,2
1118,73,4,3,1.14,5,93843,3,66.767700026862,0,59.4873921003527,9,4,1
1119,2,4,3,9.65,5,75287,2,58.1555718667355,0,40.3672947071196,11,4,1
1120,222,4,3,3.53,5,91585,4,64.8414065702474,0,52.195236169435,8,4,2
1121,266,4,3,22.98,5,94936,3,48.5115450825328,0,60.6823152535818,3,4,2
1122,59,4,3,1.12,5,57541,3,58.9398536468027,0,36.349683003289,12,4,2
1123,84,4,3,1.02,5,71027,3,61.3054917384919,0,41.7980804214346,12,4,2
1124,245,4,3,0.75,5,76931,3,83.343937354415,0,69.0527342195331,9,4,2
1125,301,4,3,3.09,5,87389,2,32.3046602911854,0,60.8846616131006,2,4,1
1126,6,4,3,0.97,5,70528,3,72.1284952917843,0,51.2588497675791,6,4,1
1127,229,4,3,1.8,5,79440,3,95.9831638619549,0,42.7429737330793,12,4,2
1128,84,4,3,2.06,5,51865,2,82.8044858691217,0,37.8683833676969,9,4,2
1129,14,4,3,1.8,5,61967,4,74.5105081560819,0,37.3437556451729,11,4,2
1130,62,4,3,0.25,5,59633,3,90.5424422968651,0,31.9408120860738,12,4,2
1131,84,4,3,1.11,5,64568,4,52.2916689074668,0,49.9123852738032,6,4,1
1132,73,4,3,2.35,5,76268,3,81.1686632479768,0,45.7866031499662,1,4,2
1133,84,4,3,1.15,5,66410,3,91.5082088312356,0,43.5224149243565,2,4,1
1134,84,4,3,2.09,5,51342,2,72.6508405386742,0,41.8412051210521,1,4,1
1135,227,4,3,2.88,5,65997,2,61.5245028630925,0,31.0246006836614,4,4,2
1136,150,4,3,0.13,5,71656,3,78.1032416749487,0,44.3518851752238,10,4,2
1137,227,4,3,0.77,5,53342,3,77.7500349921383,0,41.4746351028353,4,4,1
1138,145,5,3,1.03,5,105740,3,71.8688885811519,0,51.0691244232898,1,4,1
1139,145,5,3,2.43,5,96268,3,68.7939304381502,0,49.9871813290147,6,4,2
1140,145,5,3,2.02,5,103113,3,61.9569053907141,0,43.7683240154026,1,4,2
1141,220,5,3,0.2,5,107766,3,92.1212903229293,0,58.0176009627343,4,4,1
1142,168,5,3,1.14,5,105068,3,65.3701669961471,0,54.6610969178543,8,4,2
1143,145,5,3,2.09,5,64374,3,75.5487514399363,0,43.8580459625636,2,4,1
1144,299,5,3,1.32,5,95059,3,86.5851079597633,0,49.9138795552074,3,4,2
1145,299,5,3,2.51,5,100937,3,43.7401372740509,0,49.013847309282,4,4,1
1146,210,5,3,1.95,5,100329,2,72.4800280043365,0,41.0133447751665,10,4,1
1147,84,5,3,1.02,5,54290,2,75.0832705263142,0,38.6809770490017,2,4,1
1148,84,5,3,1.22,5,80924,3,62.2732635619581,0,35.3944885531593,12,4,2
1149,84,5,3,2.09,5,72518,3,89.1763543698957,0,49.0125939554768,12,4,1
1150,84,5,3,1.72,5,69525,3,97.2937551703593,0,49.7819854108235,9,4,2
1151,231,6,3,0.73,5,105675,4,60.688520781071,0,18.9004236832684,1,4,2
1152,299,6,3,1.02,5,104432,4,45.2558781060286,0,54.9140432818772,1,4,2
1153,299,6,3,1.36,5,108441,3,87.7189797527794,0,52.8561767450961,7,4,1
1154,220,6,3,1.74,5,99379,3,90.585148898351,0,37.0124992278777,8,4,1
1155,302,6,3,2.12,5,100986,3,83.2974641377964,0,64.8324318305982,8,4,1
1156,16,6,3,1.54,5,81378,2,84.7278037825993,0,43.1131303923401,12,4,2
1157,46,7,1,0.91,4,36164,2,73.4072646880247,0,40.9035212620719,11,2,1
1158,223,2,2,2.34,4,38569,2,80.2271380895244,0,43.1549137973227,7,3,1
1159,42,2,2,1.21,4,26400,3,52.781108048695,0,51.3916188872336,8,3,2
1160,46,2,2,1.37,4,26281,3,72.2202459843694,0,44.8266842364486,3,3,1
1161,46,2,2,2.21,4,25091,3,64.1475634915012,0,52.6586446290945,10,3,2
1162,60,2,2,0.37,4,25070,2,54.1790100267919,0,48.519724323653,8,3,1
1163,86,1,3,1.0,4,70695,3,94.5467654773477,0,77.1073695765143,2,4,2
1164,304,4,3,2.09,4,83145,3,35.624797744616,0,41.2937822091479,1,4,2
1165,304,4,3,10.2,4,74374,4,58.9425648920496,0,45.2704326153864,6,4,2
1166,46,4,3,3.44,4,61433,4,87.4855776990672,0,40.1842767228375,3,4,1
1167,87,4,3,2.88,4,77336,2,34.0415050394459,0,40.0219862349122,2,4,2
1168,45,4,3,2.32,4,73954,3,81.0171608284312,0,81.6141799723645,8,4,2
1169,87,4,3,3.42,4,68616,3,44.6107544527958,0,38.1053145364504,11,4,2
1170,46,4,3,1.67,4,76195,4,85.2361209599026,0,41.9152683675182,10,4,1
1171,87,4,3,1.16,4,48216,4,69.8567175651455,0,29.6845108680278,1,4,1
1172,12,4,3,1.52,4,69930,3,65.0283453377337,0,36.038893182195,12,4,1
1173,172,4,3,0.62,4,40982,3,45.4765914189965,0,45.0991840325908,7,4,1
1174,86,5,3,3.01,4,70907,1,73.0359099111739,0,62.7562107560679,10,4,2
1175,126,8,0,2.38,3,136715,3,78.0979275524487,0,33.7338077601869,7,1,1
1176,44,8,0,0.88,3,66526,3,87.7803012803339,0,40.6481115325071,10,1,1
1177,178,8,0,0.68,3,59200,3,79.2969277142707,0,40.4599810947865,7,1,2
1178,181,8,0,0.03,3,63799,3,83.8028176156656,0,56.9370681075448,1,1,2
1179,22,8,0,0.47,3,51852,4,62.8282760654889,0,42.3953898795037,4,1,1
1180,44,8,0,0.72,3,68834,2,99.2012026581899,0,57.3332265006651,2,1,1
1181,17,8,0,0.41,3,53982,2,82.7390195243045,0,54.4220675077461,1,1,2
1182,44,8,0,1.45,3,28182,2,75.3838406699778,0,54.8843984428292,9,1,1
1183,65,7,1,1.76,3,68474,3,92.5552125576711,0,46.7548885356333,7,2,1
1184,44,7,1,1.33,3,55546,2,73.9663316941852,0,71.5094730775647,12,2,2
1185,41,7,1,1.16,3,36161,3,78.3221091828408,0,58.7892921635632,5,2,1
1186,44,7,1,0.76,3,38589,4,87.0016853907433,0,41.8916964182746,9,2,1
1187,181,7,1,0.76,3,41709,3,42.6654883126487,0,42.0989066808105,3,2,2
1188,22,7,1,0.62,3,41152,3,89.2189486942019,0,54.9766169922671,1,2,2
1189,49,7,1,0.54,3,28975,3,69.5395236001543,0,31.3931066538841,10,2,2
1190,49,7,1,0.54,3,37167,1,66.8646877904151,0,51.7661730021727,12,2,2
1191,48,7,1,2.54,3,31563,2,91.7570253167384,0,41.7580955634433,12,2,1
1192,181,7,1,1.05,3,23663,2,74.5940980465304,0,53.6203923944961,7,2,1
1193,179,7,1,0.54,3,22384,3,67.6312651396655,0,48.8044525876805,4,2,2
1194,179,7,1,0.79,3,28836,2,78.892639003833,0,37.1747186196346,4,2,2
1195,19,7,1,0.77,3,23442,4,70.2502374418848,0,50.0052115399277,4,2,2
1196,48,2,2,1.63,3,71285,3,70.1071667239926,0,31.4285749457015,6,3,1
1197,126,2,2,3.02,3,47968,3,56.2807286942431,0,75.3597000670009,7,3,1
1198,26,2,2,0.87,3,39412,3,94.5670355412004,0,32.923104009276,3,3,2
1199,49,2,2,3.88,3,27124,3,44.8304358158814,0,39.1246380892605,12,3,1
1200,17,2,2,1.29,3,24469,5,34.4951936242163,0,35.545696669761,8,3,2
1201,41,2,2,1.21,3,33677,2,73.4040888335482,0,53.7155210578073,10,3,2
1202,178,2,2,1.25,3,35461,4,63.5418862268294,0,36.2641142316246,3,3,2
1203,179,2,2,1.25,3,35921,5,47.9458845868445,0,57.3824522958908,3,3,2
1204,181,2,2,1.0,3,37179,2,85.3511726221083,0,47.6325946464024,11,3,1
1205,49,2,2,2.05,3,31253,4,63.3589484457431,0,46.8966129909241,5,3,1
1206,179,2,2,1.25,3,32823,3,38.6314198853424,0,40.5398113186409,9,3,1
1207,178,2,2,0.97,3,26813,3,71.1114139499708,0,40.724546419767,1,3,1
1208,44,2,2,0.99,3,27311,4,83.7812218855142,0,49.8890928075419,5,3,2
1209,44,2,2,1.83,3,25534,3,79.2927650110149,0,49.7154704681419,12,3,2
1210,181,2,2,0.97,3,23320,2,67.1807139134736,0,32.5433142640501,4,3,1
1211,181,2,2,0.33,3,31593,3,88.6935801496026,0,36.9448871603349,7,3,1
1212,49,2,2,0.81,3,26347,3,75.0210642831549,0,47.8803712214675,8,3,1
1213,44,2,2,3.87,3,31494,3,71.9840426556147,0,36.7220370064122,11,3,2
1214,175,2,2,0.35,3,27120,4,75.7298125116271,0,39.8208914414492,12,3,1
1215,44,2,2,1.83,3,28379,3,85.37567401354,0,34.3047222305201,8,3,1
1216,44,2,2,0.83,3,27898,3,25.5956677211204,0,53.1400720640618,9,3,2
1217,44,2,2,0.83,3,27086,3,24.4039955246911,0,33.22117940699,2,3,1
1218,29,2,2,1.02,3,24711,3,38.4793273959699,0,49.7790077371495,1,3,2
1219,74,2,2,1.1,3,20884,1,78.7325102911091,0,55.4507361675636,6,3,1
1220,29,2,2,0.66,3,23744,3,68.5530866396573,0,49.1335133929362,4,3,2
1221,179,2,2,1.16,3,16769,3,83.3499687487393,0,44.032388323812,4,3,1
1222,180,2,2,1.06,3,25311,4,82.1968579551207,0,40.158496596685,9,3,1
1223,28,0,3,1.15,3,42975,4,79.7354015837372,0,21.7564164993111,5,4,2
1224,179,0,3,0.79,3,58973,2,85.4714425199366,0,60.3171023113374,4,4,2
1225,49,0,3,0.04,3,43036,4,58.9987677703946,0,37.2285815321618,12,4,2
1226,49,0,3,1.85,3,62211,2,79.6831957180937,0,46.6836653820904,5,4,2
1227,126,1,3,0.39,3,77413,2,51.5051822371293,0,36.1255728766751,3,4,2
1228,58,1,3,1.04,3,68733,3,62.150482933554,0,41.6612802499574,4,4,2
1229,44,1,3,0.99,3,50912,3,80.2912200604975,0,63.0373339638922,1,4,1
1230,44,1,3,0.97,3,60223,2,88.3409206944143,0,28.6959622027123,3,4,2
1231,58,1,3,0.99,3,50125,5,83.2809976529849,0,39.4737083440133,2,4,1
1232,65,1,3,0.46,3,57857,2,66.4085793926024,0,51.8742044722661,1,4,1
1233,126,3,3,0.89,3,76838,4,79.9208192353259,0,35.6041890696433,10,4,2
1234,56,3,3,1.3,3,64817,2,85.5077141713485,0,31.049705986735,12,4,2
1235,28,3,3,0.54,3,70070,3,40.4643726331234,0,55.8878550748527,10,4,2
1236,179,3,3,1.85,3,50335,4,50.5976356019812,0,45.5975051164819,5,4,2
1237,44,3,3,2.31,3,50178,3,76.746506792667,0,46.158078760304,9,4,1
1238,28,3,3,0.91,3,59935,3,71.3819592440826,0,45.7320142107983,9,4,2
1239,126,4,3,0.88,3,102648,2,76.0300501534622,0,36.8836370949625,4,4,1
1240,312,4,3,1.3,3,99804,3,55.9926890693184,0,69.3362556048261,10,4,2
1241,126,4,3,6.92,3,84656,2,72.7876338045512,0,51.2249763916018,1,4,1
1242,126,4,3,2.17,3,97398,3,57.9777435728194,0,50.2583837114501,1,4,2
1243,41,4,3,0.06,3,70370,3,84.4856002411956,0,45.3908447866912,2,4,2
1244,173,4,3,4.2,3,94722,3,45.7815908975563,0,40.7612068820839,2,4,2
1245,126,4,3,9.86,3,109034,4,92.3948631374762,0,40.1911442135191,9,4,1
1246,126,4,3,0.27,3,94180,4,56.2995267984899,0,46.0796354122891,7,4,2
1247,41,4,3,0.06,3,99427,4,55.9160208519476,0,54.3254624018867,1,4,1
1248,126,4,3,2.22,3,94572,3,84.1331356476915,0,45.275518268432,11,4,1
1249,126,4,3,1.79,3,71957,3,88.8793208955021,0,48.8229795803192,12,4,1
1250,48,4,3,0.9,3,88241,4,40.4614860405239,0,48.5001760959143,1,4,1
1251,30,4,3,0.24,3,57860,2,64.446635526641,0,34.5691341212608,1,4,1
1252,20,4,3,1.04,3,80455,3,78.0915012165848,0,41.2425966328564,4,4,1
1253,179,4,3,1.32,3,60412,2,55.9990134671539,0,26.3349362875491,2,4,1
1254,179,4,3,1.51,3,69323,3,84.4323371490009,0,39.7949810175635,3,4,2
1255,178,4,3,1.51,3,50425,3,94.9552855017972,0,39.898687572138,8,4,1
1256,65,4,3,1.86,3,73371,3,70.034473321857,0,43.2088460131747,7,4,2
1257,178,4,3,0.18,3,76804,3,72.8075983701574,0,44.5035846451529,10,4,2
1258,28,4,3,0.18,3,60980,3,77.6740446568472,0,44.2841599178077,10,4,2
1259,257,4,3,2.14,3,74076,4,38.164717476198,0,52.1776070171236,6,4,1
1260,178,4,3,1.71,3,66857,2,82.778774310857,0,71.4951550659433,7,4,1
1261,28,4,3,1.1,3,65189,2,97.0388535359356,0,41.8346934882375,12,4,1
1262,178,4,3,2.06,3,67797,2,96.8457283790452,0,44.5710093268139,4,4,2
1263,44,4,3,2.3,3,53048,4,65.5792417623285,0,29.7085580711749,1,4,2
1264,178,4,3,1.13,3,65268,2,62.0979608234928,0,36.2230122016357,9,4,2
1265,179,4,3,2.8,3,61368,3,79.2961432656548,0,40.7876068235521,3,4,1
1266,179,4,3,1.13,3,52684,3,30.3778987913931,0,34.5863803376075,11,4,2
1267,44,4,3,3.05,3,53884,4,55.3512906917359,0,56.8338463936052,10,4,2
1268,179,4,3,1.92,3,63547,3,79.3810575436974,0,33.4919742712388,2,4,1
1269,22,4,3,2.38,3,59609,3,64.4449548918755,0,33.3091669697131,8,4,2
1270,18,4,3,1.85,3,63036,4,71.458920854185,0,32.6519698578896,4,4,2
1271,22,4,3,1.72,3,58769,3,84.4565260981472,0,53.0064905345765,2,4,1
1272,44,4,3,2.69,3,45582,4,77.2296718250664,0,35.6101623053208,2,4,2
1273,179,4,3,0.82,3,52823,5,73.9170265790502,0,42.740477113328,1,4,2
1274,49,4,3,1.62,3,52723,2,52.7491395803316,0,35.0122039991874,9,4,1
1275,218,4,3,0.05,3,63765,2,78.3406807399086,0,43.839008311511,5,4,1
1276,55,4,3,0.71,3,46539,4,66.3119742179381,0,57.5199771708707,9,4,1
1277,19,4,3,0.45,3,40338,2,72.873271300619,0,40.943747173727,12,4,2
1278,19,4,3,0.15,3,45878,3,90.3798029721115,0,60.4690815960918,8,4,2
1279,178,5,3,1.02,3,59107,4,76.5411925954726,0,48.2384803489156,1,4,1
1280,47,5,3,0.91,3,58699,4,37.7490440803121,0,44.3906236224636,11,4,1
1281,44,5,3,0.93,3,50210,3,96.2943740686493,0,33.5550996915283,5,4,2
1282,28,5,3,0.48,3,61141,3,54.5206544445095,0,37.4327133524324,8,4,2
1283,41,6,3,1.32,3,88420,3,93.2253293630807,0,56.0380814334512,4,4,1
1284,47,6,3,1.0,3,72267,4,56.6156651470634,0,37.8578252039979,1,4,2
1285,47,6,3,0.82,3,85308,4,39.4122854595492,0,20.4446385049203,8,4,2
1286,47,6,3,0.82,3,70270,3,63.4139633104191,0,43.6409185310704,9,4,2
1287,41,6,3,1.13,3,93313,4,97.9796612475959,0,28.9506054058333,5,4,1
1288,28,6,3,0.52,3,67283,2,70.6043160270588,0,49.0689900086829,9,4,2
1289,44,6,3,2.29,3,68909,4,64.5507178143808,0,18.0853578303125,11,4,1
1290,44,6,3,0.22,3,72149,1,75.2538621351025,0,52.1398316019185,7,4,1
1291,44,6,3,0.89,3,69335,2,70.3802884577889,0,41.0016259167043,10,4,2
1292,211,8,0,0.71,2,49413,4,64.4729709906971,0,47.7168635249719,10,1,2
1293,211,2,2,0.73,2,47786,4,83.0966153115428,0,40.1769433267486,10,3,2
1294,230,2,2,1.25,2,29731,2,83.2325026834262,0,48.4763278136616,7,3,2
1295,230,2,2,1.12,2,27660,3,93.9427707163787,0,47.1622498835959,12,3,1
1296,66,2,2,0.83,2,27754,4,68.6198443878302,0,51.366442369314,2,3,1
1297,224,2,2,0.68,2,24172,4,50.3998030065316,0,43.8333372940846,8,3,2
1298,208,2,2,0.22,2,22788,3,77.3127329003386,0,36.7272084266121,8,3,1
1299,147,2,2,0.12,2,21192,2,71.9838895864862,0,57.6978281673697,5,3,2
1300,5,2,2,1.64,2,23481,5,78.3321333464889,0,51.3923444214032,2,3,1
1301,208,1,3,0.22,2,48491,4,98.4671476674787,0,51.8192495022223,3,4,2
1302,66,3,3,1.0,2,50976,3,45.4831260120142,0,36.3444555295843,9,4,1
1303,71,3,3,0.94,2,55202,3,88.344785095633,0,33.0549902627337,9,4,1
1304,216,3,3,1.2,2,41636,2,65.7435360334287,0,37.0135952968855,5,4,1
1305,3,3,3,0.12,2,43669,3,83.4368942913952,0,60.3445166544262,2,4,1
1306,273,4,3,23.78,2,72352,2,88.1252942976314,0,37.3673624045657,6,4,1
1307,216,4,3,0.22,2,47234,4,40.0749163530133,0,49.7087292224647,5,4,1
1308,3,4,3,1.44,2,61352,3,80.7952320232904,0,54.0797802715796,3,4,2
1309,66,4,3,0.33,2,53639,3,93.3894770217822,0,26.2144657949783,12,4,1
1310,208,4,3,1.33,2,41388,2,64.9890824473737,0,37.2721653816631,11,4,1
1311,216,4,3,1.25,2,47537,3,71.2070226354501,0,52.4734293968571,2,4,1
1312,3,4,3,0.13,2,49764,4,66.7791668254427,0,62.9329081726645,2,4,1
1313,208,4,3,0.79,2,57703,4,36.7147306889679,0,62.3498027829637,5,4,1
1314,13,4,3,1.0,2,35900,3,67.9101947031433,0,40.0922473742599,5,4,2
1315,184,4,3,0.11,2,44432,3,61.0195340190911,0,37.0042318562873,6,4,1
1316,224,6,3,0.6,2,52661,2,79.8525296474381,0,38.5638653902605,3,4,1
1317,208,6,3,0.29,2,58968,3,53.0781218824152,0,32.1645673099361,12,4,2
1318,146,7,1,0.03,1,13785,2,91.3735667601003,0,55.0676857567363,12,2,2
1319,21,2,2,0.74,1,24865,2,84.9285238250575,0,33.8817742804733,5,3,1
1320,244,4,3,21.14,1,46130,2,63.880859094846,0,51.9316464960624,2,4,2
1321,244,4,3,10.92,1,48012,3,68.6104306302498,0,44.6847791895274,3,4,1
1322,244,4,3,5.55,1,36044,3,75.6881714359962,0,49.8456527700271,4,4,2
1323,215,4,3,0.22,1,34951,2,89.8319449800883,0,45.15619010974,4,4,1
1324,146,4,3,1.54,1,27217,3,75.6826168876992,0,42.5997084747915,5,4,2
